1,FRAUD-26A-1,FRAUD - FALSE PRETENSES/SWINDLE/CONFIDENCE GAME,2021-04-24,1200,8200 ASPEN GLEN CT,ALEXANDRIA,VA,22309
2,FRAUD-26C-1,FRAUD - IMPERSONATION,2021-04-24,1200,8200 ASPEN GLEN CT,ALEXANDRIA,VA,22309
1,TRES-90J-3,TRESPASSING - PUBLIC/PARK PROPERTY,2021-04-24,0140,7200 HOOES RD,SPRINGFIELD,VA,22150
1,SERV-8,SERVICE - LOST/FOUND PROPERTY,2021-04-24,0030,7000 OLD KEENE MILL RD,SPRINGFIELD,VA,22150
2,SERV-999,POLICE PHONE REPORT,2021-04-24,0030,7000 OLD KEENE MILL RD,SPRINGFIELD,VA,22150
1,SERV-1,SERVICE - POLICE SERVICE,2021-04-24,0250,10000 CHESTNUT WOOD LN,BURKE,VA,22015
1,BURG-220-3,BURGLARY/BREAKING AND ENTERING,2021-04-24,0249,8400 OLD COURTHOUSE RD,VIENNA,VA,22182
1,BURG-220-3,BURGLARY/BREAKING AND ENTERING,2021-04-24,0248,8400 OLD COURTHOUSE RD,VIENNA,VA,22182
2,DEST-290-2,DESTRUCTION - PRIVATE PROPERTY,2021-04-24,0248,8400 OLD COURTHOUSE RD,VIENNA,VA,22182
1,SERV-1,SERVICE - POLICE SERVICE,2021-04-24,0346,6100 BROOK DR,FALLS CHURCH,VA,22044
1,SERV-29,SERVICE - DOMESTIC DISPUTE,2021-04-24,0412,9200 LAUREL RIDGE CROSSING RD,LORTON,VA,22079
1,SERV-1,SERVICE - POLICE SERVICE,2021-04-24,0346,6100 BROOK DR,FALLS CHURCH,VA,22044
1,DEST-290-2,DESTRUCTION - PRIVATE PROPERTY,2021-04-24,0342,2900 PATRICK HENRY DR,FALLS CHURCH,VA,22044
1,BURG-220-3,BURGLARY/BREAKING AND ENTERING,2021-04-24,0342,2900 PATRICK HENRY DR,FALLS CHURCH,VA,22044
1,SUSP-2,SUSPICIOUS - PERSON,2021-04-24,0530, BEAUREGARD ST / LITTLE RIVER TPKE,ALEXANDRIA,VA,22312
1,ASSLT-13B-1,ASSAULT - SIMPLE; NOT AGGRAVATED,2021-04-24,0423,12100 MONUMENT DR,FAIRFAX,VA,22033
1,SUSP-1,SUSPICIOUS - EVENT,2021-04-24,0100,1900 CHAIN BRIDGE RD,MCLEAN,VA,22102
1,SUSP-1,SUSPICIOUS - EVENT,2021-04-24,0100,1900 CHAIN BRIDGE RD,MCLEAN,VA,22102
1,SUSP-1,SUSPICIOUS - EVENT,2021-04-24,0100,1900 CHAIN BRIDGE RD,MCLEAN,VA,22102
1,SUSP-1,SUSPICIOUS - EVENT,2021-04-24,0534,11900 FAIR OAKS SHOPPING CTR,FAIRFAX,VA,22033
1,LARC-23-3,LARCENY - SHOPLIFTING,2021-04-24,0615,7100 COLUMBIA PIKE,ANNANDALE,VA,22003
1,SUSP-1,SUSPICIOUS - EVENT,2021-04-24,0656,6300 COTTONWOOD DR,ALEXANDRIA,VA,22310
1,ASSLT-13B-1,ASSAULT - SIMPLE; NOT AGGRAVATED,2021-04-24,0755,8400 WESLEYAN ST,VIENNA,VA,22180
1,SERV-1,SERVICE - POLICE SERVICE,2021-04-24,0742,9600 ALEXANDRA NICOLE DR,LORTON,VA,22079
2,SERV-999,POLICE PHONE REPORT,2021-04-24,0742,9600 ALEXANDRA NICOLE DR,LORTON,VA,22079
1,AUTO-240-4,AUTO THEFT - AUTOS,2021-04-24,0855,6100 LEESBURG PIKE,FALLS CHURCH,VA,22044
1,LARC-23-9,LARCENY -  ALL OTHER LARCENY,2021-04-24,0952,7800 RICHMOND HWY,ALEXANDRIA,VA,22306
1,SERV-8,SERVICE - LOST/FOUND PROPERTY,2021-04-24,0936,8100 BROWN CT,ALEXANDRIA,VA,22306
1,SERV-1,SERVICE - POLICE SERVICE,2021-04-24,1030, BORGE ST / BUSHMAN DR,OAKTON,VA,22124
1,DRUNK-90E-1,DRUNK - DRUNK/PROFANE IN PUBLIC,2021-04-24,1040,6300 RICHMOND HWY,ALEXANDRIA,VA,22303
1,SERV-33,SERVICE - NON DMV REPORTABLE CRASH,2021-04-24,1031,6200 LITTLE RIVER TPKE,ALEXANDRIA,VA,22312
1,ASSLT-13B-1,ASSAULT - SIMPLE; NOT AGGRAVATED,2021-04-24,1028,3700 SOUTH GEORGE MASON DR,FALLS CHURCH,VA,22041
1,SERV-33,SERVICE - NON DMV REPORTABLE CRASH,2021-04-24,1123,4900 STONECROFT BLVD,CHANTILLY,VA,20120
1,TRES-90J-1,TRESPASSING - PRIVATE PROPERTY,2021-04-24,0200,5700 VALLEY VIEW DR,ALEXANDRIA,VA,22310
2,SERV-999,POLICE PHONE REPORT,2021-04-24,0200,5700 VALLEY VIEW DR,ALEXANDRIA,VA,22310
1,ANML-90Z-1,ANIMAL - RUNNING AT LARGE/UNRESTRICTED,2021-04-24,1155,14500 OLDE KENT RD,CENTREVILLE,VA,20120
2,ANML-90Z-3,ANIMAL - LICENSE VIOLATION,2021-04-24,1155,14500 OLDE KENT RD,CENTREVILLE,VA,20120
1,SERV-1,SERVICE - POLICE SERVICE,2021-04-24,1153,8200 GREENSBORO DR,MCLEAN,VA,22102
1,ASSLT-13B-1,ASSAULT - SIMPLE; NOT AGGRAVATED,2021-04-24,1153,8100 ARLINGTON BLVD,FALLS CHURCH,VA,22042
2,LARC-23-3,LARCENY - SHOPLIFTING,2021-04-24,1153,8100 ARLINGTON BLVD,FALLS CHURCH,VA,22042
3,DEST-290-2,DESTRUCTION - PRIVATE PROPERTY,2021-04-24,1153,8100 ARLINGTON BLVD,FALLS CHURCH,VA,22042
1,ANML-90Z-6,ANIMAL - ANIMAL BITE - DOMESTIC,2021-04-24,1000,13300 SPRINGHAVEN DR,FAIRFAX,VA,22033
2,SERV-999,POLICE PHONE REPORT,2021-04-24,1000,13300 SPRINGHAVEN DR,FAIRFAX,VA,22033
1,SUSP-1,SUSPICIOUS - EVENT,2021-04-24,1253,8200 GREENSBORO DR,MCLEAN,VA,22102
2,SERV-999,POLICE PHONE REPORT,2021-04-24,1100,14900 CRANOKE ST,CENTREVILLE,VA,20120
1,ANML-720,ANIMAL - CRUELTY TO ANIMAL,2021-04-24,1259,7900 CHARLES THOMSON LN,ANNANDALE,VA,22003
1,SERV-29,SERVICE - DOMESTIC DISPUTE,2021-04-24,1304,3900 PENDERVIEW DR,FAIRFAX,VA,22033
1,SERV-1,SERVICE - POLICE SERVICE,2021-04-24,1229,8400 GREAT LAKE LN,SPRINGFIELD,VA,22153
1,LARC-23-9,LARCENY -  ALL OTHER LARCENY,2021-04-24,1100,8800 GEORGETOWN PIKE,MCLEAN,VA,22102
1,SUSP-1,SUSPICIOUS - EVENT,2021-04-24,1027,14300 WATERY MOUNTAIN CT,CENTREVILLE,VA,20120
2,SERV-999,POLICE PHONE REPORT,2021-04-24,1027,14300 WATERY MOUNTAIN CT,CENTREVILLE,VA,20120
1,SERV-8,SERVICE - LOST/FOUND PROPERTY,2021-04-24,1340,8900 GARDEN GATE DR,FAIRFAX,VA,22031
1,SERV-5,SERVICE - ANIMAL DESTROYED BY CHEMICAL,2021-04-24,1321,2100 GREENKEEPERS CT,RESTON,VA,20191
1,ANML-90Z-1,ANIMAL - RUNNING AT LARGE/UNRESTRICTED,2021-04-24,1412, DIXIE HILL RD / LEE HWY,FAIRFAX,VA,22030
2,ANML-90Z-3,ANIMAL - LICENSE VIOLATION,2021-04-24,1412, DIXIE HILL RD / LEE HWY,FAIRFAX,VA,22030
1,LARC-23-3,LARCENY - SHOPLIFTING,2021-04-24,1338,6400 SPRINGFIELD PLZ,SPRINGFIELD,VA,22150
1,LARC-23-3,LARCENY - SHOPLIFTING,2021-04-24,1406,4300 CHANTILLY SHOPPING CTR,CHANTILLY,VA,20151
1,ASSLT-13B-1,ASSAULT - SIMPLE; NOT AGGRAVATED,2021-04-24,1428,9500 OLD KEENE MILL RD,BURKE,VA,22015
1,LARC-23-9,LARCENY -  ALL OTHER LARCENY,2021-04-24,1310,7900 RICHMOND HWY,ALEXANDRIA,VA,22306
1,WARR-90Z-1,ORDER - VIOLATE EPO/PO/PPO,2021-04-24,1206,8800 WALUTES CIR,ALEXANDRIA,VA,22309
1,DEST-290-2,DESTRUCTION - PRIVATE PROPERTY,2021-04-24,0900,9700 HAGEL CIR,LORTON,VA,22079
1,SERV-8,SERVICE - LOST/FOUND PROPERTY,2021-04-24,1528,1900 CHAIN BRIDGE RD,MCLEAN,VA,22102
1,SUSP-4,SUSPICIOUS - NOISE,2021-04-24,1516,2200 ASTORIA CIR,HERNDON,VA,20170
1,SERV-29,SERVICE - DOMESTIC DISPUTE,2021-04-24,1517,9400 WALLINGFORD DR,BURKE,VA,22015
1,DEST-290-2,DESTRUCTION - PRIVATE PROPERTY,2021-04-24,1300,11600 FAIRFAX MEADOWS CIR,FAIRFAX,VA,22030
2,TRES-90J-7,TRESPASSING - UNLAWFUL ENTRY,2021-04-24,1300,11600 FAIRFAX MEADOWS CIR,FAIRFAX,VA,22030
1,SUSP-1,SUSPICIOUS - EVENT,2021-04-24,1530, COLLINGWOOD RD / RIVERSIDE RD,ALEXANDRIA,VA,22308
2,SERV-999,POLICE PHONE REPORT,2021-04-24,1530, COLLINGWOOD RD / RIVERSIDE RD,ALEXANDRIA,VA,22308
1,SERV-29,SERVICE - DOMESTIC DISPUTE,2021-04-24,1546,6700 COLUMBIA PIKE,ANNANDALE,VA,22003
1,LARC-23-9,LARCENY -  ALL OTHER LARCENY,2021-04-24,1614,6500 SYDENSTRICKER RD,BURKE,VA,22015
1,SERV-29,SERVICE - DOMESTIC DISPUTE,2021-04-24,1523,7000 KINGS MANOR DR,ALEXANDRIA,VA,22315
2,SERV-1,SERVICE - POLICE SERVICE,2021-04-24,1523,7000 KINGS MANOR DR,ALEXANDRIA,VA,22315
1,LARC-23-4,LARCENY - THEFT FROM BUILDING,2021-04-24,1555,4500 MARKET COMMONS DR,FAIRFAX,VA,22033
1,LARC-23-6,LARCENY - THEFT FROM MOTOR VEHICLE,2021-04-24,0700,8300 OLD KEENE MILL RD,SPRINGFIELD,VA,22152
1,SERV-2,SERVICE - CIVIL DISPUTE,2021-04-24,1529,2100 GOLF COURSE DR,RESTON,VA,20191
1,SERV-8,SERVICE - LOST/FOUND PROPERTY,2021-04-24,1620, CROSSROADS CTR / LEESBURG PIKE,FALLS CHURCH,VA,22041
1,TRES-90J-1,TRESPASSING - PRIVATE PROPERTY,2021-04-24,1616,1500 DRANESVILLE RD,HERNDON,VA,20170
1,ASSLT-13B-1,ASSAULT - SIMPLE; NOT AGGRAVATED,2021-04-24,1550,5800 TRINITY PKWY,CENTREVILLE,VA,20120
1,SERV-8,SERVICE - LOST/FOUND PROPERTY,2021-04-24,1645, HIRST DR / LAFAYETTE VILLAGE DR,ANNANDALE,VA,22003
1,SERV-5,SERVICE - ANIMAL DESTROYED BY CHEMICAL,2021-04-24,1634,14300 COMPTON RD,CENTREVILLE,VA,20121
1,TELE-90Z-1,TELEPHONE - RECORD/INTERCPT/OTHER VIOLATION,2021-04-24,1644,4500 BOGART CT,ANNANDALE,VA,22003
1,LARC-23-9,LARCENY -  ALL OTHER LARCENY,2021-04-24,1714,2200 GUNSMITH SQ,RESTON,VA,20191
3,SERV-999,POLICE PHONE REPORT,2021-04-24,1714,2200 GUNSMITH SQ,RESTON,VA,20191
2,DEST-290-2,DESTRUCTION - PRIVATE PROPERTY,2021-04-24,1714,2200 GUNSMITH SQ,RESTON,VA,20191
1,DEST-290-2,DESTRUCTION - PRIVATE PROPERTY,2021-04-24,1658,7100 FALCON ST,ANNANDALE,VA,22003
2,SERV-999,POLICE PHONE REPORT,2021-04-24,1658,7100 FALCON ST,ANNANDALE,VA,22003
1,LARC-23-4,LARCENY - THEFT FROM BUILDING,2021-04-24,1730,13000 FAIR LAKES SHOPPING CTR,FAIRFAX,VA,22033
2,FRAUD-26B-1,FRAUD - CREDIT CARD/AUTOMATED TELLER MACHINE FRAUD,2021-04-24,1730,13000 FAIR LAKES SHOPPING CTR,FAIRFAX,VA,22033
1,DEST-290-2,DESTRUCTION - PRIVATE PROPERTY,2021-04-24,1735,7100 RICHMOND HWY,ALEXANDRIA,VA,22306
2,TRES-90J-7,TRESPASSING - UNLAWFUL ENTRY,2021-04-24,1735,7100 RICHMOND HWY,ALEXANDRIA,VA,22306
1,SERV-5,SERVICE - ANIMAL DESTROYED BY CHEMICAL,2021-04-24,1730,6600 KIRKLEY AVE,MCLEAN,VA,22101
1,LARC-23-9,LARCENY -  ALL OTHER LARCENY,2021-04-24,1743,2200 INTERNATIONAL DR,MCLEAN,VA,22102
1,SERV-6,SERVICE - ANIMAL DESTROYED BY SERVICE WEAPON,2021-04-24,1805,7500 CROSS GATE LN,ALEXANDRIA,VA,22315
1,FRAUD-26A-1,FRAUD - FALSE PRETENSES/SWINDLE/CONFIDENCE GAME,2021-04-24,1822,12200 LEE HWY,FAIRFAX,VA,22030
2,SERV-999,POLICE PHONE REPORT,2021-04-24,1822,12200 LEE HWY,FAIRFAX,VA,22030
1,ASSLT-13B-1,ASSAULT - SIMPLE; NOT AGGRAVATED,2021-04-24,1824,12100 SUNSET HILLS RD,RESTON,VA,20190
1,PARK-90Z-2,PARKING - OTHER PARKING VIOLATION,2021-04-24,1742,6800 COMMERCIAL DR,SPRINGFIELD,VA,22151
1,PARK-90Z-2,PARKING - OTHER PARKING VIOLATION,2021-04-24,1742,6800 COMMERCIAL DR,SPRINGFIELD,VA,22151
1,SERV-29,SERVICE - DOMESTIC DISPUTE,2021-04-24,1801,8600 KENOSHA CT,LORTON,VA,22079
1,SUSP-1,SUSPICIOUS - EVENT,2021-04-24,1811,14300 CHANTILLY CROSSING LN,CHANTILLY,VA,20151
1,SERV-29,SERVICE - DOMESTIC DISPUTE,2021-04-24,1806,5000 GADSEN DR,FAIRFAX,VA,22032
1,TRES-90J-1,TRESPASSING - PRIVATE PROPERTY,2021-04-24,1844,2300 HUNTINGTON AVE,ALEXANDRIA,VA,22303
1,ANML-90Z-1,ANIMAL - RUNNING AT LARGE/UNRESTRICTED,2021-04-24,1851,13900 DEVIAR DR,CENTREVILLE,VA,20120
2,ANML-90Z-3,ANIMAL - LICENSE VIOLATION,2021-04-24,1851,13900 DEVIAR DR,CENTREVILLE,VA,20120
1,SERV-29,SERVICE - DOMESTIC DISPUTE,2021-04-24,1927,6700 METROPOLITAN CENTER DR,SPRINGFIELD,VA,22150
1,LARC-23-3,LARCENY - SHOPLIFTING,2021-04-24,1936,6600 ARLINGTON BLVD,FALLS CHURCH,VA,22042
1,SERV-1,SERVICE - POLICE SERVICE,2021-04-24,1950,4400 ELAN CT,ANNANDALE,VA,22003
1,SERV-29,SERVICE - DOMESTIC DISPUTE,2021-04-24,1927,12800 CROUCH DR,FAIRFAX,VA,22030
1,ASSLT-13C-3,THREATS - TELEPHONE THREATS/ABUSE/OBSCENE,2021-04-24,1944,2400 MASONS FERRY DR,HERNDON,VA,20171
1,SERV-1,SERVICE - POLICE SERVICE,2021-04-24,1946,10600 JOHN AYRES DR,FAIRFAX,VA,22032
2,TRES-90J-1,TRESPASSING - PRIVATE PROPERTY,2021-04-24,1939,7200 ARLINGTON BLVD,FALLS CHURCH,VA,22042
1,DEST-290-2,DESTRUCTION - PRIVATE PROPERTY,2021-04-24,1939,7200 ARLINGTON BLVD,FALLS CHURCH,VA,22042
1,SERV-999,POLICE PHONE REPORT,2021-04-24,2019,11800 MONUMENT DR,FAIRFAX,VA,22035
2,SERV-37,SERVICE - MISSING JUVENILE,2021-04-24,2019,11800 MONUMENT DR,FAIRFAX,VA,22035
1,DRUG-35A-4,DRUGS - MARIJUANA POSSESSION,2021-04-24,2041, OLD KEENE MILL RD / SPRING RD,SPRINGFIELD,VA,22150
1,ASSLT-13B-1,ASSAULT - SIMPLE; NOT AGGRAVATED,2021-04-24,2042,6200 RICHMOND HWY,ALEXANDRIA,VA,22303
1,ASSLT-13B-1,ASSAULT - SIMPLE; NOT AGGRAVATED,2021-04-24,2030,3500 BUCKMAN RD,ALEXANDRIA,VA,22309
1,SERV-1,SERVICE - POLICE SERVICE,2021-04-24,2024,3600 JOSEPH SIEWICK DR,FAIRFAX,VA,22033
1,SERV-1,SERVICE - POLICE SERVICE,2021-04-24,2042,6500 POHICK BAY DR,LORTON,VA,22079
1,PUB-90Z-5,PUBLIC SAFETY - FALSE REPORT OF CRIME,2021-04-24,2111, SOUTH KINGS HWY / VANTAGE DR,ALEXANDRIA,VA,22306
1,ASSLT-13A-9,ASSAULT - INJURY BY EXPLOSIVE/CAUSTIC DEVICE,2021-04-24,2152,5800 LEESBURG PIKE,FALLS CHURCH,VA,22041
1,SERV-29,SERVICE - DOMESTIC DISPUTE,2021-04-24,2135,4200 WADSWORTH CT,ANNANDALE,VA,22003
1,ASSLT-13B-1,ASSAULT - SIMPLE; NOT AGGRAVATED,2021-04-24,2104,4300 SUMMIT PL,ALEXANDRIA,VA,22312
1,SERV-1,SERVICE - POLICE SERVICE,2021-04-24,2220,6000 LEESBURG PIKE,FALLS CHURCH,VA,22041
1,SERV-29,SERVICE - DOMESTIC DISPUTE,2021-04-24,2208,3300 STONE HEATHER CT,HERNDON,VA,20171
1,SERV-29,SERVICE - DOMESTIC DISPUTE,2021-04-24,2221,3700 SOUTH GEORGE MASON DR,FALLS CHURCH,VA,22041
1,SERV-1,SERVICE - POLICE SERVICE,2021-04-24,2131,1600 WESTWIND WAY,MCLEAN,VA,22102
1,DEST-290-1,DESTRUCTION - PUBLIC PROPERTY,2021-04-24,2320,2500 PARKERS LN,ALEXANDRIA,VA,22306
1,ASSLT-13B-1,ASSAULT - SIMPLE; NOT AGGRAVATED,2021-04-24,2359,8400 RICHMOND HWY,ALEXANDRIA,VA,22309
1,SERV-29,SERVICE - DOMESTIC DISPUTE,2021-04-24,2354,12300 STREAMVALE CIR,HERNDON,VA,20170
2,SERV-999,POLICE PHONE REPORT,2021-04-24,2354,12300 STREAMVALE CIR,HERNDON,VA,20170
1,SERV-1,SERVICE - POLICE SERVICE,2021-04-24,2313,5700 CLAPHAM RD,ALEXANDRIA,VA,22315
1,ASSLT-13A-1,ASSAULT - AGGRAVATED,2021-04-24,2237,11900 SAINT JOHNSBURY CT,RESTON,VA,20191
1,BURG-220-3,BURGLARY/BREAKING AND ENTERING,2021-04-24,2347,6600 ARLINGTON BLVD,FALLS CHURCH,VA,22042
1,ASSLT-13B-1,ASSAULT - SIMPLE; NOT AGGRAVATED,2021-04-24,2350,4800 WHEATSTONE DR,FAIRFAX,VA,22032
1,AUTO-240-4,AUTO THEFT - AUTOS,2021-04-24,2140,4000 ESTABROOK DR,ANNANDALE,VA,22003
2,SERV-999,POLICE PHONE REPORT,2021-04-24,2140,4000 ESTABROOK DR,ANNANDALE,VA,22003
1,DEST-290-7,DESTRUCTION - GRAFFITI,2021-04-24,0000, FORT HUNT RD / WELLINGTON RD,ALEXANDRIA,VA,22308
1,ANML-90Z-6,ANIMAL - ANIMAL BITE - DOMESTIC,2021-04-24,,13600 BRITISH MANOR CT,CENTREVILLE,VA,20120
2,SERV-999,POLICE PHONE REPORT,2021-04-24,,13600 BRITISH MANOR CT,CENTREVILLE,VA,20120
1,ANML-90Z-1,ANIMAL - RUNNING AT LARGE/UNRESTRICTED,2021-04-24,,6700 JADE POST LN,CENTREVILLE,VA,20121
2,ANML-90Z-6,ANIMAL - ANIMAL BITE - DOMESTIC,2021-04-24,,6700 JADE POST LN,CENTREVILLE,VA,20121
3,SERV-999,POLICE PHONE REPORT,2021-04-24,,6700 JADE POST LN,CENTREVILLE,VA,20121
1,AUTO-240-4,AUTO THEFT - AUTOS,2021-04-24,1300,9700 WATERLINE DR,BURKE,VA,22015
2,SERV-999,POLICE PHONE REPORT,2021-04-24,1300,9700 WATERLINE DR,BURKE,VA,22015
1,ASSLT-13B-1,ASSAULT - SIMPLE; NOT AGGRAVATED,2021-04-24,1900,7900 TYSONS ONE PL,MCLEAN,VA,22102
1,LARC-23-6,LARCENY - THEFT FROM MOTOR VEHICLE,2021-04-24,2200,11600 STONEVIEW SQ,RESTON,VA,20191
1,LARC-23-6,LARCENY - THEFT FROM MOTOR VEHICLE,2021-04-24,1800,6600 BESTWICKE RD,BURKE,VA,22015
1,SUSP-1,SUSPICIOUS - EVENT,2021-04-24,1800,4000 BUCKMAN RD,ALEXANDRIA,VA,22309
1,ASSLT-13B-1,ASSAULT - SIMPLE; NOT AGGRAVATED,2021-04-24,1530,2900 CARIBBEAN CT,FAIRFAX,VA,22031
2,SERV-29,SERVICE - DOMESTIC DISPUTE,2021-04-24,1530,2900 CARIBBEAN CT,FAIRFAX,VA,22031
1,DEST-290-1,DESTRUCTION - PUBLIC PROPERTY,2021-04-24,1800,8500 SILVERBROOK RD,LORTON,VA,22079
1,ASSLT-13B-1,ASSAULT - SIMPLE; NOT AGGRAVATED,2021-04-24,0000,7200 COMMERCE ST,SPRINGFIELD,VA,22150
1,LARC-23-9,LARCENY -  ALL OTHER LARCENY,2021-04-24,2100,7800 STORK RD,ALEXANDRIA,VA,22306
2,SERV-999,POLICE PHONE REPORT,2021-04-24,2100,7800 STORK RD,ALEXANDRIA,VA,22306
1,LARC-23-6,LARCENY - THEFT FROM MOTOR VEHICLE,2021-04-24,1000,3100 SOUTH MANCHESTER ST,FALLS CHURCH,VA,22044
2,SERV-999,POLICE PHONE REPORT,2021-04-24,1000,3100 SOUTH MANCHESTER ST,FALLS CHURCH,VA,22044
1,LARC-23-6,LARCENY - THEFT FROM MOTOR VEHICLE,2021-04-24,1800,11500 HEARTHSTONE CT,RESTON,VA,20191
2,SERV-999,POLICE PHONE REPORT,2021-04-24,1800,11500 HEARTHSTONE CT,RESTON,VA,20191
1,LARC-23-3,LARCENY - SHOPLIFTING,2021-04-24,1100,1900 RESTON METRO PLZ,RESTON,VA,20190
2,SERV-999,POLICE PHONE REPORT,2021-04-24,1100,1900 RESTON METRO PLZ,RESTON,VA,20190
1,LARC-23-3,LARCENY - SHOPLIFTING,2021-04-24,0900,6600 RICHMOND HWY,ALEXANDRIA,VA,22306
1,TRES-90J-7,TRESPASSING - UNLAWFUL ENTRY,2021-04-24,2346,6000 VISTA DR,FALLS CHURCH,VA,22041
1,ANML-90Z-1,ANIMAL - RUNNING AT LARGE/UNRESTRICTED,2021-04-24,, JOLIETTE CT / SHIVER DR,ALEXANDRIA,VA,22307
2,ANML-90Z-6,ANIMAL - ANIMAL BITE - DOMESTIC,2021-04-24,, JOLIETTE CT / SHIVER DR,ALEXANDRIA,VA,22307
3,SERV-999,POLICE PHONE REPORT,2021-04-24,, JOLIETTE CT / SHIVER DR,ALEXANDRIA,VA,22307
1,SERV-1,SERVICE - POLICE SERVICE,2021-04-24,0800,14600 OUTPOST CT,CENTREVILLE,VA,20121
1,BURG-220-3,BURGLARY/BREAKING AND ENTERING,2021-04-24,1230,3200 LOTHIAN RD,FAIRFAX,VA,22031
2,SERV-999,POLICE PHONE REPORT,2021-04-24,1800,6100 ALGONA CT,ALEXANDRIA,VA,22310
1,FRAUD-26C-1,FRAUD - IMPERSONATION,2021-04-25,1200,10400 CALUMET GROVE DR,FAIRFAX,VA,22032
1,SERV-29,SERVICE - DOMESTIC DISPUTE,2021-04-25,0021,7700 SCHELHORN RD,ALEXANDRIA,VA,22306
1,SERV-1,SERVICE - POLICE SERVICE,2021-04-25,0023,6100 WILLSTON DR,FALLS CHURCH,VA,22044
2,SERV-999,POLICE PHONE REPORT,2021-04-25,0023,6100 WILLSTON DR,FALLS CHURCH,VA,22044
1,SERV-1,SERVICE - POLICE SERVICE,2021-04-25,0042,3600 JOSEPH SIEWICK DR,FAIRFAX,VA,22033
2,TRES-90J-7,TRESPASSING - UNLAWFUL ENTRY,2021-04-25,0024,15100 HONSENA DR,CENTREVILLE,VA,20120
1,ASSLT-13B-1,ASSAULT - SIMPLE; NOT AGGRAVATED,2021-04-25,0024,15100 HONSENA DR,CENTREVILLE,VA,20120
1,ASSLT-13B-1,ASSAULT - SIMPLE; NOT AGGRAVATED,2021-04-25,0046,5700 SOUTH VAN DORN ST,ALEXANDRIA,VA,22310
2,TRES-90J-1,TRESPASSING - PRIVATE PROPERTY,2021-04-25,0046,5700 SOUTH VAN DORN ST,ALEXANDRIA,VA,22310
1,SERV-1,SERVICE - POLICE SERVICE,2021-04-25,0103,7900 GUNSTON WOODS PL,LORTON,VA,22079
1,LARC-23-3,LARCENY - SHOPLIFTING,2021-04-25,0131,3400 CHARLES ST,FALLS CHURCH,VA,22041
1,SERV-1,SERVICE - POLICE SERVICE,2021-04-25,0107,12300 TOWNCENTER PLZ,STERLING,VA,20170
1,DRUNK-90E-1,DRUNK - DRUNK/PROFANE IN PUBLIC,2021-04-25,0125,7600 SAVANNAH ST,FALLS CHURCH,VA,22043
1,SERV-8,SERVICE - LOST/FOUND PROPERTY,2021-04-25,0257,6300 COLUMBIA PIKE,FALLS CHURCH,VA,22041
1,SERV-1,SERVICE - POLICE SERVICE,2021-04-25,0250,7300 WALNUT KNOLL DR,SPRINGFIELD,VA,22153
1,SERV-4,SERVICE - INJURED/SICK PERSON,2021-04-25,0329,6800 SPRINGFIELD BLVD,SPRINGFIELD,VA,22150
1,SERV-1,SERVICE - POLICE SERVICE,2021-04-25,0338, RICHMOND HWY / WYNGATE MANOR CT,ALEXANDRIA,VA,22309
1,ROB-120-2,ROBBERY - KNIFE OR CUTTING INSTRUMENT,2021-04-25,0351,6200 WILLOWFIELD WAY,SPRINGFIELD,VA,22150
1,LARC-23-3,LARCENY - SHOPLIFTING,2021-04-25,0607,6600 ARLINGTON BLVD,FALLS CHURCH,VA,22042
1,AUTO-240-4,AUTO THEFT - AUTOS,2021-04-25,0400,8100 ADAIR LN,SPRINGFIELD,VA,22151
2,SERV-999,POLICE PHONE REPORT,2021-04-25,0400,8100 ADAIR LN,SPRINGFIELD,VA,22151
1,AUTO-240-4,AUTO THEFT - AUTOS,2021-04-25,0001,12700 CLIFTON HEIGHTS LN,CLIFTON,VA,20124
2,SERV-999,POLICE PHONE REPORT,2021-04-25,0001,12700 CLIFTON HEIGHTS LN,CLIFTON,VA,20124
1,LARC-23-3,LARCENY - SHOPLIFTING,2021-04-25,0725,13000 FAIR LAKES SHOPPING CTR,FAIRFAX,VA,22033
1,SERV-6,SERVICE - ANIMAL DESTROYED BY SERVICE WEAPON,2021-04-25,0931,7700 ROYCE ST,ANNANDALE,VA,22003
2,ANML-4,ANIMAL - SERVICE - WILD,2021-04-25,0931,7700 ROYCE ST,ANNANDALE,VA,22003
1,SERV-5,SERVICE - ANIMAL DESTROYED BY CHEMICAL,2021-04-25,0933,6500 VIRGINIA HILLS AVE,ALEXANDRIA,VA,22310
2,ANML-4,ANIMAL - SERVICE - WILD,2021-04-25,0933,6500 VIRGINIA HILLS AVE,ALEXANDRIA,VA,22310
1,SERV-1,SERVICE - POLICE SERVICE,2021-04-25,0930,7000 ELIZABETH DR,MCLEAN,VA,22101
2,SERV-999,POLICE PHONE REPORT,2021-04-25,0930,7000 ELIZABETH DR,MCLEAN,VA,22101
1,WARR-90Z-4,WARRANT - WARRANT SERVICE,2021-04-25,0825,6200 LITTLE RIVER TPKE,ALEXANDRIA,VA,22312
1,SERV-5,SERVICE - ANIMAL DESTROYED BY CHEMICAL,2021-04-25,1053,3500 AUSTIN AVE,ALEXANDRIA,VA,22310
1,ANML-90Z-1,ANIMAL - RUNNING AT LARGE/UNRESTRICTED,2021-04-25,1110,6000 CHESTNUT HOLLOW CT,CENTREVILLE,VA,20121
2,ANML-90Z-3,ANIMAL - LICENSE VIOLATION,2021-04-25,1110,6000 CHESTNUT HOLLOW CT,CENTREVILLE,VA,20121
1,TRES-90J-1,TRESPASSING - PRIVATE PROPERTY,2021-04-25,0400,8100 ADAIR LN,SPRINGFIELD,VA,22151
2,SERV-999,POLICE PHONE REPORT,2021-04-25,0400,8100 ADAIR LN,SPRINGFIELD,VA,22151
1,SERV-6,SERVICE - ANIMAL DESTROYED BY SERVICE WEAPON,2021-04-25,1110, BARTON HILL RD / SUNRISE VALLEY DR,RESTON,VA,20191
1,SUSP-2,SUSPICIOUS - PERSON,2021-04-25,1108,7000 CANTERBURY LN,ALEXANDRIA,VA,22307
1,ASSLT-13B-1,ASSAULT - SIMPLE; NOT AGGRAVATED,2021-04-25,1144,6100 VISTA DR,FALLS CHURCH,VA,22041
1,SUSP-1,SUSPICIOUS - EVENT,2021-04-25,0849,14500 LEE RD,CHANTILLY,VA,20151
1,LARC-280-1,STOLEN PROPERTY: BUYING; RECEIVING; POSSESSING,2021-04-25,1120,13000 FAIR LAKES SHOPPING CTR,FAIRFAX,VA,22033
1,SUSP-2,SUSPICIOUS - PERSON,2021-04-25,1159,5900 KINGSTOWNE TOWNE CTR,ALEXANDRIA,VA,22315
1,ASSLT-13B-1,ASSAULT - SIMPLE; NOT AGGRAVATED,2021-04-25,1152,6100 FOX HILL ST,SPRINGFIELD,VA,22150
2,WARR-90Z-4,WARRANT - WARRANT SERVICE,2021-04-25,1120,13000 FAIR LAKES SHOPPING CTR,FAIRFAX,VA,22033
1,DRUG-35A-1,DRUGS - OPIUM/COCAINE POSSESSION,2021-04-25,1120,13000 FAIR LAKES SHOPPING CTR,FAIRFAX,VA,22033
1,ASSLT-13B-1,ASSAULT - SIMPLE; NOT AGGRAVATED,2021-04-25,1207,8900 GARDEN GATE DR,FAIRFAX,VA,22031
1,SERV-29,SERVICE - DOMESTIC DISPUTE,2021-04-25,1204,2600 ARLINGTON DR,ALEXANDRIA,VA,22306
1,ASSLT-13B-1,ASSAULT - SIMPLE; NOT AGGRAVATED,2021-04-25,1100,1800 SAINT FRANCIS ST,RESTON,VA,20190
2,SERV-999,POLICE PHONE REPORT,2021-04-25,1100,1800 SAINT FRANCIS ST,RESTON,VA,20190
2,WEAP-520-4,WEAPONS - UNLAWFUL POSSESSION,2021-04-25,1216,8200 GLASS ALY,FAIRFAX,VA,22031
1,DRUG-35A-4,DRUGS - MARIJUANA POSSESSION,2021-04-25,1216,8200 GLASS ALY,FAIRFAX,VA,22031
1,ANML-90Z-3,ANIMAL - LICENSE VIOLATION,2021-04-25,1254,6900 MARY CAROLINE CIR,ALEXANDRIA,VA,22310
2,ANML-90Z-1,ANIMAL - RUNNING AT LARGE/UNRESTRICTED,2021-04-25,1254,6900 MARY CAROLINE CIR,ALEXANDRIA,VA,22310
1,ASSLT-13B-1,ASSAULT - SIMPLE; NOT AGGRAVATED,2021-04-25,1305,6500 BRADDOCK RD,ALEXANDRIA,VA,22312
1,SERV-29,SERVICE - DOMESTIC DISPUTE,2021-04-25,1318,14800 WINDRIFT CT,CENTREVILLE,VA,20120
1,LARC-23-3,LARCENY - SHOPLIFTING,2021-04-25,1322,5700 COLUMBIA PIKE,FALLS CHURCH,VA,22041
1,LARC-23-11,LARCENY - CHECKS; CREDIT CARDS; BANK NOTES; ETC.,2021-04-25,0945,6600 TELEGRAPH RD,ALEXANDRIA,VA,22310
2,TRES-90J-1,TRESPASSING - PRIVATE PROPERTY,2021-04-25,0945,6600 TELEGRAPH RD,ALEXANDRIA,VA,22310
1,SERV-5,SERVICE - ANIMAL DESTROYED BY CHEMICAL,2021-04-25,1310,800 MOFFETT FORGE RD,HERNDON,VA,20170
1,LARC-23-3,LARCENY - SHOPLIFTING,2021-04-25,1427,5700 COLUMBIA PIKE,FALLS CHURCH,VA,22041
1,SERV-999,POLICE PHONE REPORT,2021-04-25,1300, AMHERST AVE / COMMERCE ST,SPRINGFIELD,VA,22150
1,SERV-6,SERVICE - ANIMAL DESTROYED BY SERVICE WEAPON,2021-04-25,1449,6500 POHICK BAY DR,LORTON,VA,22079
1,ANML-4,ANIMAL - SERVICE - WILD,2021-04-25,1544,12100 STIRRUP RD,RESTON,VA,20191
2,SERV-5,SERVICE - ANIMAL DESTROYED BY CHEMICAL,2021-04-25,1544,12100 STIRRUP RD,RESTON,VA,20191
1,ANML-90Z-6,ANIMAL - ANIMAL BITE - DOMESTIC,2021-04-25,,11300 CRESCENT DR,FAIRFAX,VA,22030
2,SERV-999,POLICE PHONE REPORT,2021-04-25,,11300 CRESCENT DR,FAIRFAX,VA,22030
1,ASSLT-13B-1,ASSAULT - SIMPLE; NOT AGGRAVATED,2021-04-25,1543,6600 KERNS RD,FALLS CHURCH,VA,22042
1,ANML-3,ANIMAL - SERVICE - DOMESTIC,2021-04-25,1640,3000 FORDSON CT,ALEXANDRIA,VA,22306
1,EXTOR-210-1,EXTORTION/BLACKMAIL,2021-04-25,1215,6300 RICHMOND HWY,ALEXANDRIA,VA,22303
1,ASSLT-13B-1,ASSAULT - SIMPLE; NOT AGGRAVATED,2021-04-25,1550,6100 HAVENER HOUSE WAY,CENTREVILLE,VA,20120
1,ANML-90Z-6,ANIMAL - ANIMAL BITE - DOMESTIC,2021-04-25,1748,5100 BALLYCASTLE CIR,ALEXANDRIA,VA,22315
2,SERV-999,POLICE PHONE REPORT,2021-04-25,1748,5100 BALLYCASTLE CIR,ALEXANDRIA,VA,22315
1,SERV-29,SERVICE - DOMESTIC DISPUTE,2021-04-25,1715,2500 PARKERS LN,ALEXANDRIA,VA,22306
1,ANML-4,ANIMAL - SERVICE - WILD,2021-04-25,1720,9700 PLASKETT FOREST LN,LORTON,VA,22079
2,SERV-5,SERVICE - ANIMAL DESTROYED BY CHEMICAL,2021-04-25,1720,9700 PLASKETT FOREST LN,LORTON,VA,22079
1,DRUG-35A-1,DRUGS - OPIUM/COCAINE POSSESSION,2021-04-25,1742,3000 FURMAN LN,ALEXANDRIA,VA,22306
1,SERV-29,SERVICE - DOMESTIC DISPUTE,2021-04-25,1800,1500 LINCOLN WAY,MCLEAN,VA,22102
1,LARC-23-3,LARCENY - SHOPLIFTING,2021-04-25,1800,14100 SAINT GERMAIN DR,CENTREVILLE,VA,20121
2,SERV-999,POLICE PHONE REPORT,2021-04-25,1800,14100 SAINT GERMAIN DR,CENTREVILLE,VA,20121
1,SERV-1,SERVICE - POLICE SERVICE,2021-04-25,1715,9200 ROCKEFELLER LN,SPRINGFIELD,VA,22153
1,WEAP-520-3,WEAPONS - UNLAWFUL DISCHARGE/RECKLESS HANDLING,2021-04-25,1600,13900 GUNNERS PL,CENTREVILLE,VA,20121
1,SERV-29,SERVICE - DOMESTIC DISPUTE,2021-04-25,1904,4700 SOUTHLAND AVE,ALEXANDRIA,VA,22312
1,LARC-23-3,LARCENY - SHOPLIFTING,2021-04-25,1921,4300 CHANTILLY SHOPPING CTR,CHANTILLY,VA,20151
1,SERV-29,SERVICE - DOMESTIC DISPUTE,2021-04-25,1927,2000 HUNTINGTON AVE,ALEXANDRIA,VA,22303
1,TRES-90J-1,TRESPASSING - PRIVATE PROPERTY,2021-04-25,1907,12000 TOWN SQUARE ST,RESTON,VA,20190
1,SUSP-2,SUSPICIOUS - PERSON,2021-04-25,2004, EAKIN PARK CT,FAIRFAX,VA,22031
1,ANML-3,ANIMAL - SERVICE - DOMESTIC,2021-04-25,1915,6100 GREENWOOD DR,FALLS CHURCH,VA,22044
1,TRES-90J-3,TRESPASSING - PUBLIC/PARK PROPERTY,2021-04-25,1933,10300 PREMIER CT,BURKE,VA,22015
1,SERV-1,SERVICE - POLICE SERVICE,2021-04-25,1958,7200 SUMPTER LN,SPRINGFIELD,VA,22150
2,SERV-999,POLICE PHONE REPORT,2021-04-25,2032,8300 LEESBURG PIKE,VIENNA,VA,22182
1,SERV-32,SERVICE - STOLEN AUTO RECOVERY OTHER JURISDICTION,2021-04-25,2019,7800 ASHTON ST,ALEXANDRIA,VA,22309
1,SERV-1,SERVICE - POLICE SERVICE,2021-04-25,1958,13200 PARCHER AVE,HERNDON,VA,20170
1,LARC-23-6,LARCENY - THEFT FROM MOTOR VEHICLE,2021-04-25,1100,4300 CHANTILLY SHOPPING CTR,CHANTILLY,VA,20151
1,ASSLT-13B-1,ASSAULT - SIMPLE; NOT AGGRAVATED,2021-04-25,2042,7100 GROVETON GARDENS RD,ALEXANDRIA,VA,22306
1,SUSP-1,SUSPICIOUS - EVENT,2021-04-25,2027,9400 BRENNER CT,VIENNA,VA,22180
1,SUSP-1,SUSPICIOUS - EVENT,2021-04-25,2052,7400 EASTMORELAND RD,ANNANDALE,VA,22003
1,ASSLT-13B-1,ASSAULT - SIMPLE; NOT AGGRAVATED,2021-04-25,2020,6300 BUFFIE CT,BURKE,VA,22015
1,ASSLT-13B-1,ASSAULT - SIMPLE; NOT AGGRAVATED,2021-04-25,2022,7300 LEE HWY,FALLS CHURCH,VA,22046
1,SUSP-2,SUSPICIOUS - PERSON,2021-04-25,1700,10300 APPALACHIAN CIR,OAKTON,VA,22124
1,SERV-23,SERVICE - MISSING ADULT,2021-04-25,2052,4400 BARFORD CT,CHANTILLY,VA,20151
2,SERV-999,POLICE PHONE REPORT,2021-04-25,2052,4400 BARFORD CT,CHANTILLY,VA,20151
1,SERV-29,SERVICE - DOMESTIC DISPUTE,2021-04-25,2137,12100 GREEN LEDGE CT,FAIRFAX,VA,22033
1,SUSP-4,SUSPICIOUS - NOISE,2021-04-25,2143,13300 PARCHER AVE,HERNDON,VA,20170
1,SERV-29,SERVICE - DOMESTIC DISPUTE,2021-04-25,2119,14100 COMPTON VALLEY WAY,CENTREVILLE,VA,20121
1,ASSLT-13A-4,AGGRAVATED ASSAULT - HANDS; FIST; FEET; ETC.,2021-04-25,2136,13300 FELDMAN PL,HERNDON,VA,20170
1,LARC-23-4,LARCENY - THEFT FROM BUILDING,2021-04-25,2225,8100 OLD DOMINION DR,MCLEAN,VA,22102
1,DEST-290-2,DESTRUCTION - PRIVATE PROPERTY,2021-04-25,1600,1900 CHAIN BRIDGE RD,MCLEAN,VA,22102
2,SERV-999,POLICE PHONE REPORT,2021-04-25,2250,5700 REXFORD CT,SPRINGFIELD,VA,22152
1,LARC-23-11,LARCENY - CHECKS; CREDIT CARDS; BANK NOTES; ETC.,2021-04-25,2250,5700 REXFORD CT,SPRINGFIELD,VA,22152
1,SERV-1,SERVICE - POLICE SERVICE,2021-04-25,2230,5300 BEDFORD TER,ALEXANDRIA,VA,22309
1,WEAP-520-3,WEAPONS - UNLAWFUL DISCHARGE/RECKLESS HANDLING,2021-04-25,2218,6400 WILCOX CT,ALEXANDRIA,VA,22310
2,SERV-29,SERVICE - DOMESTIC DISPUTE,2021-04-25,2218,6400 WILCOX CT,ALEXANDRIA,VA,22310
1,SERV-9,SERVICE - OPEN DOOR,2021-04-25,2347,9700 HAGEL CIR,LORTON,VA,22079
1,DEST-290-1,DESTRUCTION - PUBLIC PROPERTY,2021-04-25,2307,2000 CHAIN BRIDGE RD,VIENNA,VA,22182
2,DRUNK-90E-1,DRUNK - DRUNK/PROFANE IN PUBLIC,2021-04-25,2307,2000 CHAIN BRIDGE RD,VIENNA,VA,22182
1,ASSLT-13B-1,ASSAULT - SIMPLE; NOT AGGRAVATED,2021-04-25,2342,2900 JOHN MARSHALL DR,FALLS CHURCH,VA,22044
1,AUTO-240-4,AUTO THEFT - AUTOS,2021-04-25,2100, BEACHWAY DR / BLAIR RD,FALLS CHURCH,VA,22041
1,ANML-90Z-3,ANIMAL - LICENSE VIOLATION,2021-04-25,1700,7500 BEULAH ST,ALEXANDRIA,VA,22315
2,ANML-3,ANIMAL - SERVICE - DOMESTIC,2021-04-25,1700,7500 BEULAH ST,ALEXANDRIA,VA,22315
3,SERV-999,POLICE PHONE REPORT,2021-04-25,1700,7500 BEULAH ST,ALEXANDRIA,VA,22315
1,OTHER-90Z-1,OTHER OFFENSE - AGAINST PERSON,2021-04-25,1700,4300 CHANTILLY SHOPPING CTR,CHANTILLY,VA,20151
1,DEST-290-2,DESTRUCTION - PRIVATE PROPERTY,2021-04-25,1800,8800 CROSS CHASE CIR,FAIRFAX STATION,VA,22039
1,LARC-23-9,LARCENY -  ALL OTHER LARCENY,2021-04-25,2200,4700 WEST OX RD,FAIRFAX,VA,22030
2,SERV-999,POLICE PHONE REPORT,2021-04-25,2200,4700 WEST OX RD,FAIRFAX,VA,22030
1,SERV-8,SERVICE - LOST/FOUND PROPERTY,2021-04-25,1700,1900 CHAIN BRIDGE RD,MCLEAN,VA,22102
1,FRAUD-26B-1,FRAUD - CREDIT CARD/AUTOMATED TELLER MACHINE FRAUD,2021-04-25,1603,9500 LINNETT HILL DR,LORTON,VA,22079
2,SERV-999,POLICE PHONE REPORT,2021-04-25,1603,9500 LINNETT HILL DR,LORTON,VA,22079
1,LARC-23-6,LARCENY - THEFT FROM MOTOR VEHICLE,2021-04-25,1200,3300 WILKINS DR,FALLS CHURCH,VA,22041
1,LARC-23-6,LARCENY - THEFT FROM MOTOR VEHICLE,2021-04-25,0800,6200 QUANDER RD,ALEXANDRIA,VA,22307
1,LARC-23-4,LARCENY - THEFT FROM BUILDING,2021-04-25,1800,7200 SUMPTER LN,SPRINGFIELD,VA,22150
1,SUSP-1,SUSPICIOUS - EVENT,2021-04-25,0000,4400 DIXIE HILL RD,FAIRFAX,VA,22030
1,FRAUD-26A-1,FRAUD - FALSE PRETENSES/SWINDLE/CONFIDENCE GAME,2021-04-25,1200,1700 PRELUDE DR,VIENNA,VA,22182
1,WARR-90Z-4,WARRANT - WARRANT SERVICE,2021-04-25,2200,10500 JUDICIAL DR,FAIRFAX,VA,22030
1,LARC-23-6,LARCENY - THEFT FROM MOTOR VEHICLE,2021-04-25,1900,7100 LATOUR CT,ALEXANDRIA,VA,22315
2,SERV-8,SERVICE - LOST/FOUND PROPERTY,2021-04-25,1900,7100 LATOUR CT,ALEXANDRIA,VA,22315
1,LARC-23-9,LARCENY -  ALL OTHER LARCENY,2021-04-25,1800,2400 CENTREVILLE RD,HERNDON,VA,20171
2,SERV-999,POLICE PHONE REPORT,2021-04-25,1800,2400 CENTREVILLE RD,HERNDON,VA,20171
1,LARC-23-9,LARCENY -  ALL OTHER LARCENY,2021-04-25,1200,9400 DELANCEY DR,VIENNA,VA,22182
1,LARC-23-3,LARCENY - SHOPLIFTING,2021-04-25,1945,12100 SUNSET HILLS RD,RESTON,VA,20190
1,TRES-90J-6,TRESPASSING - OTHER,2021-04-25,1100,3300 WILKINS DR,FALLS CHURCH,VA,22041
2,SERV-999,POLICE PHONE REPORT,2021-04-25,1100,3300 WILKINS DR,FALLS CHURCH,VA,22041
1,LARC-23-7,LARCENY - THEFT OF MOTOR VEHICLE PARTS,2021-04-25,1408,4000 RIDGE TOP RD,FAIRFAX,VA,22030
2,SERV-999,POLICE PHONE REPORT,2021-04-25,1408,4000 RIDGE TOP RD,FAIRFAX,VA,22030
1,WARR-90Z-4,WARRANT - WARRANT SERVICE,2021-04-25,1500,7000 KINGS MANOR DR,ALEXANDRIA,VA,22315
1,FRAUD-26A-1,FRAUD - FALSE PRETENSES/SWINDLE/CONFIDENCE GAME,2021-04-25,2000,7900 RUSSELL RD,ALEXANDRIA,VA,22309
1,FRAUD-26C-1,FRAUD - IMPERSONATION,2021-04-26,1200,8100 GATEHOUSE RD,FALLS CHURCH,VA,22042
1,FRAUD-26A-1,FRAUD - FALSE PRETENSES/SWINDLE/CONFIDENCE GAME,2021-04-26,1200,1700 ESQUIRE LN,MCLEAN,VA,22101
1,FRAUD-26C-1,FRAUD - IMPERSONATION,2021-04-26,1102,6900 CUMBERSONTE PL,GAINESVILLE,VA,20155
1,SERV-1,SERVICE - POLICE SERVICE,2021-04-26,0033,7300 LEE HWY,FALLS CHURCH,VA,22046
1,LARC-23-3,LARCENY - SHOPLIFTING,2021-04-26,0108,3100 LOCKHEED BLVD,ALEXANDRIA,VA,22306
1,ASSLT-13B-1,ASSAULT - SIMPLE; NOT AGGRAVATED,2021-04-26,0029,14100 LOTUS LN,CENTREVILLE,VA,20120
1,WEAP-520-3,WEAPONS - UNLAWFUL DISCHARGE/RECKLESS HANDLING,2021-04-26,0052,3800 SOUTH GEORGE MASON DR,FALLS CHURCH,VA,22041
1,ASSLT-13B-1,ASSAULT - SIMPLE; NOT AGGRAVATED,2021-04-26,0109,3100 JACKIES LN,ALEXANDRIA,VA,22306
2,TRES-90J-7,TRESPASSING - UNLAWFUL ENTRY,2021-04-26,0033,2800 GRAHAM RD,FALLS CHURCH,VA,22042
1,DRUG-35A-1,DRUGS - OPIUM/COCAINE POSSESSION,2021-04-26,0033,2800 GRAHAM RD,FALLS CHURCH,VA,22042
1,ASSLT-13B-1,ASSAULT - SIMPLE; NOT AGGRAVATED,2021-04-26,0130,5100 TRAVIS EDWARD WAY,CENTREVILLE,VA,20120
1,SUSP-2,SUSPICIOUS - PERSON,2021-04-26,0130, ACCOMAC ST / HIGHLAND ST,SPRINGFIELD,VA,22150
1,SERV-9,SERVICE - OPEN DOOR,2021-04-26,0241,9500 HAGEL CIR,LORTON,VA,22079
1,TRES-90J-6,TRESPASSING - OTHER,2021-04-26,0255,10900 THOMPSONS CREEK CIR,FAIRFAX STATION,VA,22039
1,SERV-29,SERVICE - DOMESTIC DISPUTE,2021-04-26,0320,3200 ALICE CT,FALLS CHURCH,VA,22042
1,LARC-23-6,LARCENY - THEFT FROM MOTOR VEHICLE,2021-04-26,0221, SANIBEL DR / SOUTH LAKES DR,RESTON,VA,20191
1,ASSLT-13B-1,ASSAULT - SIMPLE; NOT AGGRAVATED,2021-04-26,0323,7700 NEWCASTLE DR,ANNANDALE,VA,22003
2,DRUG-35A-13,DRUGS - OTHER,2021-04-26,0323,7700 NEWCASTLE DR,ANNANDALE,VA,22003
1,ASSLT-13B-1,ASSAULT - SIMPLE; NOT AGGRAVATED,2021-04-26,0411,14700 CONFERENCE CENTER DR,CHANTILLY,VA,20151
2,DRUNK-90E-1,DRUNK - DRUNK/PROFANE IN PUBLIC,2021-04-26,0411,14700 CONFERENCE CENTER DR,CHANTILLY,VA,20151
1,FRAUD-26A-1,FRAUD - FALSE PRETENSES/SWINDLE/CONFIDENCE GAME,2021-04-26,1200,2100 MOHEGAN DR,FALLS CHURCH,VA,22043
1,AUTO-240-4,AUTO THEFT - AUTOS,2021-04-26,0601,6100 KNOLLWOOD DR,FALLS CHURCH,VA,22041
1,SERV-2,SERVICE - CIVIL DISPUTE,2021-04-26,0606,6200 WILSON BLVD,FALLS CHURCH,VA,22044
1,SERV-29,SERVICE - DOMESTIC DISPUTE,2021-04-26,0638,3800 SCIBILIA RD,FAIRFAX,VA,22033
1,SERV-1,SERVICE - POLICE SERVICE,2021-04-26,0751,6400 GRISTMILL SQUARE LN,CENTREVILLE,VA,20120
1,PARK-90Z-2,PARKING - OTHER PARKING VIOLATION,2021-04-26,0840, LEWIS CHAPEL RD / LORTON RD,LORTON,VA,22079
1,SERV-29,SERVICE - DOMESTIC DISPUTE,2021-04-26,0922,2600 ARLINGTON DR,ALEXANDRIA,VA,22306
1,SERV-5,SERVICE - ANIMAL DESTROYED BY CHEMICAL,2021-04-26,0912,7500 CROSS GATE LN,ALEXANDRIA,VA,22315
1,SERV-1,SERVICE - POLICE SERVICE,2021-04-26,0941, ARLINGTON BLVD / GRAHAM RD,FALLS CHURCH,VA,22042
1,SERV-1,SERVICE - POLICE SERVICE,2021-04-26,0901,12600 HAY MEADOW PL,HERNDON,VA,20171
1,ASSLT-13B-1,ASSAULT - SIMPLE; NOT AGGRAVATED,2021-04-26,0929,10600 PAGE AVE,FAIRFAX,VA,22030
2,DEST-290-2,DESTRUCTION - PRIVATE PROPERTY,2021-04-26,0929,10600 PAGE AVE,FAIRFAX,VA,22030
1,SERV-8,SERVICE - LOST/FOUND PROPERTY,2021-04-26,1015,9500 OLD COLCHESTER RD,LORTON,VA,22079
1,TRES-90J-7,TRESPASSING - UNLAWFUL ENTRY,2021-04-26,0954,6000 BELLVIEW DR,FALLS CHURCH,VA,22041
1,SERV-6,SERVICE - ANIMAL DESTROYED BY SERVICE WEAPON,2021-04-26,0945,6800 QUEBEC CT,SPRINGFIELD,VA,22152
1,SERV-37,SERVICE - MISSING JUVENILE,2021-04-26,0952,10400 WHITE GRANITE DR,OAKTON,VA,22124
1,DRUG-35A-4,DRUGS - MARIJUANA POSSESSION,2021-04-26,1029,3400 GLEN CARLYN DR,FALLS CHURCH,VA,22041
2,SERV-999,POLICE PHONE REPORT,2021-04-26,1029,3400 GLEN CARLYN DR,FALLS CHURCH,VA,22041
1,ANML-3,ANIMAL - SERVICE - DOMESTIC,2021-04-26,1046,11600 IVYSTONE CT,RESTON,VA,20191
2,SERV-999,POLICE PHONE REPORT,2021-04-26,1046,11600 IVYSTONE CT,RESTON,VA,20191
1,LARC-23-3,LARCENY - SHOPLIFTING,2021-04-26,1040,2800 MERRILEE DR,FAIRFAX,VA,22031
1,ASSLT-13B-1,ASSAULT - SIMPLE; NOT AGGRAVATED,2021-04-26,0856,8200 WESTCHESTER DR,VIENNA,VA,22182
1,SERV-11,SERVICE - NATURAL DEATH,2021-04-26,1007,6400 SILVER RIDGE CIR,ALEXANDRIA,VA,22315
1,ANML-90Z-6,ANIMAL - ANIMAL BITE - DOMESTIC,2021-04-26,0930,8400 LEE HWY,FAIRFAX,VA,22031
2,SERV-999,POLICE PHONE REPORT,2021-04-26,0930,8400 LEE HWY,FAIRFAX,VA,22031
2,SERV-33,SERVICE - NON DMV REPORTABLE CRASH,2021-04-26,0100, BEACON HILL RD / RICHMOND HWY,ALEXANDRIA,VA,22306
3,SERV-999,POLICE PHONE REPORT,2021-04-26,0100, BEACON HILL RD / RICHMOND HWY,ALEXANDRIA,VA,22306
1,SERV-2,SERVICE - CIVIL DISPUTE,2021-04-26,1144,6300 SEVEN CORNERS CTR,FALLS CHURCH,VA,22044
1,LARC-23-6,LARCENY - THEFT FROM MOTOR VEHICLE,2021-04-26,1125,1700 TYSONS BLVD,MCLEAN,VA,22102
2,SERV-999,POLICE PHONE REPORT,2021-04-26,1125,1700 TYSONS BLVD,MCLEAN,VA,22102
1,WARR-90Z-4,WARRANT - WARRANT SERVICE,2021-04-26,0952,2500 PARKERS LN,ALEXANDRIA,VA,22306
1,SERV-29,SERVICE - DOMESTIC DISPUTE,2021-04-26,1204,5500 MAPLEFIELD PL,ALEXANDRIA,VA,22310
1,SERV-23,SERVICE - MISSING ADULT,2021-04-26,1107,4000 MAJESTIC LN,FAIRFAX,VA,22033
1,SERV-2,SERVICE - CIVIL DISPUTE,2021-04-26,1019,2700 CALKINS RD,HERNDON,VA,20171
2,SERV-999,POLICE PHONE REPORT,2021-04-26,1019,2700 CALKINS RD,HERNDON,VA,20171
1,LARC-23-3,LARCENY - SHOPLIFTING,2021-04-26,1239,1900 CHAIN BRIDGE RD,MCLEAN,VA,22102
1,SUSP-1,SUSPICIOUS - EVENT,2021-04-26,1225,4600 JOHN TYLER CT,ANNANDALE,VA,22003
1,TRES-90J-1,TRESPASSING - PRIVATE PROPERTY,2021-04-26,1201,2600 JACKSON DR,FALLS CHURCH,VA,22043
1,SERV-1,SERVICE - POLICE SERVICE,2021-04-26,1130,14100 SAINT GERMAIN DR,CENTREVILLE,VA,20121
1,SERV-5,SERVICE - ANIMAL DESTROYED BY CHEMICAL,2021-04-26,1334,6900 UNIVERSITY DR,ALEXANDRIA,VA,22307
1,SERV-1,SERVICE - POLICE SERVICE,2021-04-26,0728,1800 SAINT FRANCIS ST,RESTON,VA,20190
2,SERV-999,POLICE PHONE REPORT,2021-04-26,0700,4300 CHANTILLY SHOPPING CTR,CHANTILLY,VA,20151
1,SERV-1,SERVICE - POLICE SERVICE,2021-04-26,1342,7200 ROBERT LN,FALLS CHURCH,VA,22042
2,SERV-999,POLICE PHONE REPORT,2021-04-26,1342,7200 ROBERT LN,FALLS CHURCH,VA,22042
1,AUTO-240-4,AUTO THEFT - AUTOS,2021-04-26,1402,8300 MAJESTIC KNOLLS CT,VIENNA,VA,22182
2,SERV-999,POLICE PHONE REPORT,2021-04-26,1402,8300 MAJESTIC KNOLLS CT,VIENNA,VA,22182
1,SERV-29,SERVICE - DOMESTIC DISPUTE,2021-04-26,1355,11400 CYPRESS POINT CT,RESTON,VA,20190
1,SERV-1,SERVICE - POLICE SERVICE,2021-04-26,1343,2900 KINGS CHAPEL RD,FALLS CHURCH,VA,22042
1,SERV-29,SERVICE - DOMESTIC DISPUTE,2021-04-26,1455,2900 GROVETON ST,ALEXANDRIA,VA,22306
1,ANML-90Z-1,ANIMAL - RUNNING AT LARGE/UNRESTRICTED,2021-04-26,1440,4900 DODSON DR,ANNANDALE,VA,22003
1,SUSP-1,SUSPICIOUS - EVENT,2021-04-26,1445,7700 BRANDEIS WAY,SPRINGFIELD,VA,22153
1,SUSP-2,SUSPICIOUS - PERSON,2021-04-26,1514,7500 ASPENPARK RD,LORTON,VA,22079
2,SERV-999,POLICE PHONE REPORT,2021-04-26,1514,7500 ASPENPARK RD,LORTON,VA,22079
1,SERV-1,SERVICE - POLICE SERVICE,2021-04-26,1530,7100 ROLLING FOREST AVE,SPRINGFIELD,VA,22152
1,BURG-220-3,BURGLARY/BREAKING AND ENTERING,2021-04-26,1130,4300 AMERICANA DR,ANNANDALE,VA,22003
1,TRES-90J-1,TRESPASSING - PRIVATE PROPERTY,2021-04-26,1522,8400 LEE HWY,MRFL,VA,22081
1,SERV-1,SERVICE - POLICE SERVICE,2021-04-26,1559,11700 ROCKAWAY LN,FAIRFAX,VA,22030
1,SERV-29,SERVICE - DOMESTIC DISPUTE,2021-04-26,1530,11800 MONUMENT DR,FAIRFAX,VA,22035
1,ANML-90Z-1,ANIMAL - RUNNING AT LARGE/UNRESTRICTED,2021-04-26,1556,11700 STUART MILL RD,OAKTON,VA,22124
1,SERV-11,SERVICE - NATURAL DEATH,2021-04-26,1437,3100 WHEATLAND FARMS CT,OAKTON,VA,22124
1,SERV-29,SERVICE - DOMESTIC DISPUTE,2021-04-26,1540,5300 MARTINIQUE LN,ALEXANDRIA,VA,22315
1,ASSLT-13B-1,ASSAULT - SIMPLE; NOT AGGRAVATED,2021-04-26,1200,6500 SPRINGFIELD MALL,SPRINGFIELD,VA,22150
1,SERV-1,SERVICE - POLICE SERVICE,2021-04-26,1601, LADSON LN / RICHMOND HWY,ALEXANDRIA,VA,22306
1,LARC-23-11,LARCENY - CHECKS; CREDIT CARDS; BANK NOTES; ETC.,2021-04-26,1603,13000 FAIR LAKES SHOPPING CTR,FAIRFAX,VA,22033
2,SERV-999,POLICE PHONE REPORT,2021-04-26,1603,13000 FAIR LAKES SHOPPING CTR,FAIRFAX,VA,22033
1,SUSP-1,SUSPICIOUS - EVENT,2021-04-26,1637,5800 TORINGTON DR,SPRINGFIELD,VA,22152
1,SERV-1,SERVICE - POLICE SERVICE,2021-04-26,1626,6100 VINE FOREST CT,FALLS CHURCH,VA,22044
1,SERV-1,SERVICE - POLICE SERVICE,2021-04-26,1637,9500 HAGEL CIR,LORTON,VA,22079
1,SERV-5,SERVICE - ANIMAL DESTROYED BY CHEMICAL,2021-04-26,1622,800 ALABAMA DR,HERNDON,VA,20170
1,SUSP-1,SUSPICIOUS - EVENT,2021-04-26,1640,6100 RICHMOND HWY,ALEXANDRIA,VA,22303
1,PARK-90Z-1,PARKING - INOPERATIVE/ABANDONED VEHICLE,2021-04-26,1638,7100 LYNDAM HILL CIR,LORTON,VA,22079
1,ASSLT-13B-1,ASSAULT - SIMPLE; NOT AGGRAVATED,2021-04-26,1632,3500 CARLIN SPRINGS RD,FALLS CHURCH,VA,22041
1,LARC-23-6,LARCENY - THEFT FROM MOTOR VEHICLE,2021-04-26,1746,9300 OLD KEENE MILL RD,BURKE,VA,22015
2,SERV-999,POLICE PHONE REPORT,2021-04-26,1746,9300 OLD KEENE MILL RD,BURKE,VA,22015
2,ABC-90Z-1,ABC - TOBACCO - SELL/PURCHASEPOSSESS BY MINOR,2021-04-26,1724,6000 VISTA DR,FALLS CHURCH,VA,22041
1,SERV-29,SERVICE - DOMESTIC DISPUTE,2021-04-26,1709,8200 CRESTWOOD HEIGHTS DR,MCLEAN,VA,22102
1,SERV-1,SERVICE - POLICE SERVICE,2021-04-26,1749,6100 RICHMOND HWY,ALEXANDRIA,VA,22303
1,SUSP-1,SUSPICIOUS - EVENT,2021-04-26,1757,5200 WALNEY RD,CHANTILLY,VA,20151
2,SERV-999,POLICE PHONE REPORT,2021-04-26,, LEE JACKSON MEMORIAL HWY / PLAZA LN,FAIRFAX,VA,22033
1,SERV-1,SERVICE - POLICE SERVICE,2021-04-26,1745,2200 COLTS NECK RD,RESTON,VA,20191
1,WARR-90Z-4,WARRANT - WARRANT SERVICE,2021-04-26,1539,2600 PROSPERITY AVE,FAIRFAX,VA,22031
1,SERV-5,SERVICE - ANIMAL DESTROYED BY CHEMICAL,2021-04-26,1836,9800 FOX REST LN,VIENNA,VA,22181
1,SERV-1,SERVICE - POLICE SERVICE,2021-04-26,1825,7600 HERITAGE DR,ANNANDALE,VA,22003
1,ANML-90Z-6,ANIMAL - ANIMAL BITE - DOMESTIC,2021-04-26,1816,6500 GILDAR ST,ALEXANDRIA,VA,22310
1,SUSP-1,SUSPICIOUS - EVENT,2021-04-26,1826,5500 HOLLINS LN,BURKE,VA,22015
1,ANML-3,ANIMAL - SERVICE - DOMESTIC,2021-04-26,1855,6700 HUNTSMAN BLVD,SPRINGFIELD,VA,22152
1,SERV-35,SERVICE - ACCIDENTAL DEATH NON-NEGLIGENT,2021-04-26,1814, BURKE CENTRE PKWY / OX RD,BURKE,VA,22015
1,SERV-5,SERVICE - ANIMAL DESTROYED BY CHEMICAL,2021-04-26,1836, GLADE DR / SHIRE CT,RESTON,VA,20191
1,WEAP-520-9,WEAPONS - BRANDISHING,2021-04-26,1830,00 PACE LN,ALEXANDRIA,VA,22306
1,DEST-290-2,DESTRUCTION - PRIVATE PROPERTY,2021-04-26,1927,5900 LEESBURG PIKE,FALLS CHURCH,VA,22041
2,WEAP-520-11,WEAPONS - SHOOT OR THROW MISSILE INTO AUTO,2021-04-26,1927,5900 LEESBURG PIKE,FALLS CHURCH,VA,22041
1,ANML-90Z-3,ANIMAL - LICENSE VIOLATION,2021-04-26,1902,5600 SOUTHAMPTON DR,SPRINGFIELD,VA,22151
2,ANML-90Z-2,ANIMAL - RABIES CERTIFICATE VIOLATION,2021-04-26,1902,5600 SOUTHAMPTON DR,SPRINGFIELD,VA,22151
3,ANML-3,ANIMAL - SERVICE - DOMESTIC,2021-04-26,1902,5600 SOUTHAMPTON DR,SPRINGFIELD,VA,22151
4,SERV-999,POLICE PHONE REPORT,2021-04-26,1902,5600 SOUTHAMPTON DR,SPRINGFIELD,VA,22151
1,LARC-23-3,LARCENY - SHOPLIFTING,2021-04-26,1940,11100 SOUTH LAKES DR,RESTON,VA,20191
1,ASSLT-13B-1,ASSAULT - SIMPLE; NOT AGGRAVATED,2021-04-26,1945,7200 BEULAH ST,ALEXANDRIA,VA,22315
1,SERV-1,SERVICE - POLICE SERVICE,2021-04-26,1925,10500 MAIN ST,FAIRFAX,VA,22030
1,ASSLT-13B-1,ASSAULT - SIMPLE; NOT AGGRAVATED,2021-04-26,1914,2600 ARLINGTON DR,ALEXANDRIA,VA,22306
3,WARR-90Z-4,WARRANT - WARRANT SERVICE,2021-04-26,1914,2600 ARLINGTON DR,ALEXANDRIA,VA,22306
2,DEST-290-2,DESTRUCTION - PRIVATE PROPERTY,2021-04-26,1914,2600 ARLINGTON DR,ALEXANDRIA,VA,22306
1,ASSLT-13A-2,ASSAULT - KNIFE OR CUTTING INSTRUMENT,2021-04-26,1934,4400 DIXIE HILL RD,FAIRFAX,VA,22030
1,SERV-999,POLICE PHONE REPORT,2021-04-26,2009,4400 MIDDLE RIDGE DR,FAIRFAX,VA,22033
2,SERV-8,SERVICE - LOST/FOUND PROPERTY,2021-04-26,2009,4400 MIDDLE RIDGE DR,FAIRFAX,VA,22033
1,SERV-29,SERVICE - DOMESTIC DISPUTE,2021-04-26,1947,8200 TORY RD,SPRINGFIELD,VA,22152
1,SERV-29,SERVICE - DOMESTIC DISPUTE,2021-04-26,2016,3000 ROSEMARY LN,FALLS CHURCH,VA,22042
1,SERV-29,SERVICE - DOMESTIC DISPUTE,2021-04-26,2036,7800 AUDUBON AVE,ALEXANDRIA,VA,22306
1,SUSP-2,SUSPICIOUS - PERSON,2021-04-26,1930, MEADOW CREST CT / SUNSET RIDGE RD,CENTREVILLE,VA,20121
1,SERV-29,SERVICE - DOMESTIC DISPUTE,2021-04-26,1800,2400 WINDBREAK DR,ALEXANDRIA,VA,22306
1,ASSLT-13B-1,ASSAULT - SIMPLE; NOT AGGRAVATED,2021-04-26,1904,9200 CARDINAL FOREST LN,LORTON,VA,22079
1,DRUG-35A-4,DRUGS - MARIJUANA POSSESSION,2021-04-26,2100,13000 LEE JACKSON MEMORIAL HWY,FAIRFAX,VA,22033
1,SUSP-1,SUSPICIOUS - EVENT,2021-04-26,1200,7800 WINONA CT,ANNANDALE,VA,22003
1,TRES-90J-1,TRESPASSING - PRIVATE PROPERTY,2021-04-26,2043,4300 CHANTILLY SHOPPING CTR,CHANTILLY,VA,20151
2,SERV-1,SERVICE - POLICE SERVICE,2021-04-26,2122,11000 BECONTREE LAKE DR,RESTON,VA,20190
3,SERV-999,POLICE PHONE REPORT,2021-04-26,2122,11000 BECONTREE LAKE DR,RESTON,VA,20190
1,TRES-90J-1,TRESPASSING - PRIVATE PROPERTY,2021-04-26,2137,2700 GALLOWS RD,VIENNA,VA,22180
1,SUSP-3,SUSPICIOUS - VEHICLE,2021-04-26,2119,5700 TELEGRAPH RD,ALEXANDRIA,VA,22303
1,SERV-29,SERVICE - DOMESTIC DISPUTE,2021-04-26,2158,11800 FEDERALIST WAY,FAIRFAX,VA,22030
1,SERV-999,POLICE PHONE REPORT,2021-04-26,2041,13900 ROCKLAND VILLAGE DR,CHANTILLY,VA,20151
2,SERV-1,SERVICE - POLICE SERVICE,2021-04-26,2041,13900 ROCKLAND VILLAGE DR,CHANTILLY,VA,20151
1,ASSLT-13B-1,ASSAULT - SIMPLE; NOT AGGRAVATED,2021-04-26,2205,1900 CHAIN BRIDGE RD,MCLEAN,VA,22102
1,SUSP-1,SUSPICIOUS - EVENT,2021-04-26,2148,8500 IVYBRIDGE CT,SPRINGFIELD,VA,22152
2,SERV-999,POLICE PHONE REPORT,2021-04-26,1530,9900 BLAKE LN,OAKTON,VA,22124
1,COMP-90Z-2,COMPUTER - HARRASS,2021-04-26,1530,9900 BLAKE LN,OAKTON,VA,22124
1,SUSP-1,SUSPICIOUS - EVENT,2021-04-26,2152,5700 UNION MILL RD,CLIFTON,VA,20124
1,SERV-29,SERVICE - DOMESTIC DISPUTE,2021-04-26,2229,1700 TYSONS CENTRAL ST,VIENNA,VA,22102
1,SUSP-1,SUSPICIOUS - EVENT,2021-04-26,2215,7500 PARK LN,ANNANDALE,VA,22003
1,DRUG-35A-4,DRUGS - MARIJUANA POSSESSION,2021-04-26,2254, ARLINGTON BLVD SERVICE RD / ARLINGTON BLVD SERVICE RD,FALLS CHURCH,VA,22044
2,SERV-1,SERVICE - POLICE SERVICE,2021-04-26,2254, ARLINGTON BLVD SERVICE RD / ARLINGTON BLVD SERVICE RD,FALLS CHURCH,VA,22044
1,SERV-29,SERVICE - DOMESTIC DISPUTE,2021-04-26,2306,2600 ARLINGTON DR,ALEXANDRIA,VA,22306
1,SERV-29,SERVICE - DOMESTIC DISPUTE,2021-04-26,2343,9100 AYDEN LN,LORTON,VA,22079
1,ROB-120-4,ROBBERY - STRONG-ARM - HANDS; FISTS; FEET; ETC.,2021-04-26,2349,6100 BACKLICK RD,SPRINGFIELD,VA,22150
1,WARR-90Z-4,WARRANT - WARRANT SERVICE,2021-04-26,2240,6500 LOISDALE CT,SPRINGFIELD,VA,22150
2,WARR-90Z-4,WARRANT - WARRANT SERVICE,2021-04-26,2313,6800 METROPOLITAN CENTER DR,SPRINGFIELD,VA,22150
1,DRUG-35A-1,DRUGS - OPIUM/COCAINE POSSESSION,2021-04-26,2313,6800 METROPOLITAN CENTER DR,SPRINGFIELD,VA,22150
1,ASSLT-13B-1,ASSAULT - SIMPLE; NOT AGGRAVATED,2021-04-26,0800,10200 FRIENDSHIP CT,FAIRFAX,VA,22032
2,WARR-90Z-4,WARRANT - WARRANT SERVICE,2021-04-26,2359, CASTLE ROCK SQ / STONEVIEW SQ,RESTON,VA,20191
1,DRUG-35B-3,DRUGS - RELATED - PARAPHERNALIA VIOLATION,2021-04-26,2359, CASTLE ROCK SQ / STONEVIEW SQ,RESTON,VA,20191
1,ASSLT-13B-2,ASSAULT - SIMPLE ASSAULT ON LEO,2021-04-26,,10500 JUDICIAL DR,FAIRFAX,VA,22030
1,LARC-23-7,LARCENY - THEFT OF MOTOR VEHICLE PARTS,2021-04-26,1530,4900 BEAUREGARD ST,ALEXANDRIA,VA,22312
2,SERV-999,POLICE PHONE REPORT,2021-04-26,1530,4900 BEAUREGARD ST,ALEXANDRIA,VA,22312
1,LARC-23-6,LARCENY - THEFT FROM MOTOR VEHICLE,2021-04-26,1900,4900 MANITOBA DR,ALEXANDRIA,VA,22312
2,SERV-999,POLICE PHONE REPORT,2021-04-26,1900,4900 MANITOBA DR,ALEXANDRIA,VA,22312
1,ANML-90Z-6,ANIMAL - ANIMAL BITE - DOMESTIC,2021-04-26,,6200 CHERYL DR,FALLS CHURCH,VA,22044
2,SERV-999,POLICE PHONE REPORT,2021-04-26,,6200 CHERYL DR,FALLS CHURCH,VA,22044
1,TRES-90J-1,TRESPASSING - PRIVATE PROPERTY,2021-04-26,2300,5400 NEDRA AVE,ALEXANDRIA,VA,22310
1,DEST-290-2,DESTRUCTION - PRIVATE PROPERTY,2021-04-26,1900,14600 STREAM POND DR,CENTREVILLE,VA,20120
2,SERV-999,POLICE PHONE REPORT,2021-04-26,1900,14600 STREAM POND DR,CENTREVILLE,VA,20120
1,TAMP-290-3,TAMPERING - AUTO/TRUCK/OTHER VEHICLE,2021-04-26,2100,5300 LAROCHELLE CT,ALEXANDRIA,VA,22315
1,ASSLT-13C-3,THREATS - TELEPHONE THREATS/ABUSE/OBSCENE,2021-04-26,,4300 SILAS HUTCHINSON DR,CHANTILLY,VA,20151
2,SERV-999,POLICE PHONE REPORT,2021-04-26,,4300 SILAS HUTCHINSON DR,CHANTILLY,VA,20151
1,TAMP-290-3,TAMPERING - AUTO/TRUCK/OTHER VEHICLE,2021-04-26,1900,6100 GUILFORD DR,ALEXANDRIA,VA,22310
1,LARC-23-7,LARCENY - THEFT OF MOTOR VEHICLE PARTS,2021-04-26,1730,6100 LEESBURG PIKE,FALLS CHURCH,VA,22041
2,SERV-999,POLICE PHONE REPORT,2021-04-26,1730,6100 LEESBURG PIKE,FALLS CHURCH,VA,22041
1,ANML-90Z-6,ANIMAL - ANIMAL BITE - DOMESTIC,2021-04-26,1153,14900 JASLOW ST,CENTREVILLE,VA,20120
2,ANML-90Z-1,ANIMAL - RUNNING AT LARGE/UNRESTRICTED,2021-04-26,1153,14900 JASLOW ST,CENTREVILLE,VA,20120
3,ANML-90Z-3,ANIMAL - LICENSE VIOLATION,2021-04-26,1153,14900 JASLOW ST,CENTREVILLE,VA,20120
1,LARC-23-4,LARCENY - THEFT FROM BUILDING,2021-04-26,2000,9200 OLD KEENE MILL RD,BURKE,VA,22015
2,SERV-33,SERVICE - NON DMV REPORTABLE CRASH,2021-04-26,1330,5900 RICHMOND HWY,ALEXANDRIA,VA,22307
2,SERV-999,POLICE PHONE REPORT,2021-04-26,2200,6300 COTTONWOOD DR,ALEXANDRIA,VA,22310
1,AUTO-240-4,AUTO THEFT - AUTOS,2021-04-26,1600,8700 HIGDON DR,VIENNA,VA,22182
1,SERV-1,SERVICE - POLICE SERVICE,2021-04-26,1559,8700 WATERFORD RD,ALEXANDRIA,VA,22308
2,SERV-999,POLICE PHONE REPORT,2021-04-26,1559,8700 WATERFORD RD,ALEXANDRIA,VA,22308
1,SERV-8,SERVICE - LOST/FOUND PROPERTY,2021-04-26,1744,7300 OX RD,FAIRFAX STATION,VA,22039
1,LARC-23-6,LARCENY - THEFT FROM MOTOR VEHICLE,2021-04-26,2100,6000 WESTCHESTER ST,ALEXANDRIA,VA,22310
1,SUSP-1,SUSPICIOUS - EVENT,2021-04-26,2100,5300 ADMIRALTY CT,ALEXANDRIA,VA,22315
2,SERV-999,POLICE PHONE REPORT,2021-04-26,1700,5500 HECATE CT,FAIRFAX,VA,22032
1,LARC-23-6,LARCENY - THEFT FROM MOTOR VEHICLE,2021-04-26,1700,5500 HECATE CT,FAIRFAX,VA,22032
1,DEST-290-2,DESTRUCTION - PRIVATE PROPERTY,2021-04-26,0825,6100 LEESBURG PIKE,FALLS CHURCH,VA,22041
2,SERV-999,POLICE PHONE REPORT,2021-04-26,1600,8100 GRADY CT,LORTON,VA,22079
1,DEST-290-2,DESTRUCTION - PRIVATE PROPERTY,2021-04-26,1600,8100 GRADY CT,LORTON,VA,22079
1,SERV-8,SERVICE - LOST/FOUND PROPERTY,2021-04-26,0800,7700 LEE HWY,FALLS CHURCH,VA,22042
2,SERV-999,POLICE PHONE REPORT,2021-04-26,0800,7700 LEE HWY,FALLS CHURCH,VA,22042
1,AUTO-240-4,AUTO THEFT - AUTOS,2021-04-26,2100,9400 LEE HWY,FAIRFAX,VA,22031
1,ASSLT-13B-1,ASSAULT - SIMPLE; NOT AGGRAVATED,2021-04-26,0221, SANIBEL DR / SOUTH LAKES DR,RESTON,VA,20191
1,LARC-23-9,LARCENY -  ALL OTHER LARCENY,2021-04-26,0830,7600 TREMAYNE PL,MCLEAN,VA,22102
2,SERV-999,POLICE PHONE REPORT,2021-04-26,0830,7600 TREMAYNE PL,MCLEAN,VA,22102
1,LARC-23-6,LARCENY - THEFT FROM MOTOR VEHICLE,2021-04-26,2200,6100 WELLINGTON COMMONS DR,ALEXANDRIA,VA,22310
1,FRAUD-26C-1,FRAUD - IMPERSONATION,2021-04-27,1102,8200 SYLVAN WAY,CLIFTON,VA,20124
1,SUSP-1,SUSPICIOUS - EVENT,2021-04-27,0030,5800 EDGEHILL DR,ALEXANDRIA,VA,22303
1,SERV-29,SERVICE - DOMESTIC DISPUTE,2021-04-27,0020,13800 JEFFERSON PARK DR,HERNDON,VA,20171
1,SERV-29,SERVICE - DOMESTIC DISPUTE,2021-04-27,0047,6400 PADDINGTON CT,CENTREVILLE,VA,20121
1,DEST-290-2,DESTRUCTION - PRIVATE PROPERTY,2021-04-27,0141,13800 JEFFERSON PARK DR,HERNDON,VA,20171
1,SUSP-1,SUSPICIOUS - EVENT,2021-04-27,0218,13400 COPPERMINE RD,HERNDON,VA,20171
1,SERV-9,SERVICE - OPEN DOOR,2021-04-27,0306,7900 ROLLING RD,SPRINGFIELD,VA,22153
1,LARC-23-9,LARCENY -  ALL OTHER LARCENY,2021-04-27,0253,2300 HUNTINGTON AVE,ALEXANDRIA,VA,22303
1,SERV-29,SERVICE - DOMESTIC DISPUTE,2021-04-27,0258,6400 FRENCHMENS DR,ALEXANDRIA,VA,22312
1,PORN-370-1,PORN - CHILD - POSSESSION,2021-04-27,0405,6400 PADDINGTON CT,CENTREVILLE,VA,20121
2,SERV-29,SERVICE - DOMESTIC DISPUTE,2021-04-27,0409,6800 COLONEL TAYLOR LN,CENTREVILLE,VA,20121
1,SERV-1,SERVICE - POLICE SERVICE,2021-04-27,0521, EXPRESS LANE NB TO SCOTTS CROS,MCLEAN,VA,22102
1,LARC-23-3,LARCENY - SHOPLIFTING,2021-04-27,0600,5800 NORTH KINGS HWY,ALEXANDRIA,VA,22303
1,SERV-33,SERVICE - NON DMV REPORTABLE CRASH,2021-04-27,0700,5700 HERITAGE HILL CT,ALEXANDRIA,VA,22310
2,SERV-33,SERVICE - NON DMV REPORTABLE CRASH,2021-04-27,0749, NORTH KINGS HWY,ALEXANDRIA,VA,
1,LARC-23-6,LARCENY - THEFT FROM MOTOR VEHICLE,2021-04-27,0230,6100 BRANDON AVE,SPRINGFIELD,VA,22150
2,DEST-290-2,DESTRUCTION - PRIVATE PROPERTY,2021-04-27,0230,6100 BRANDON AVE,SPRINGFIELD,VA,22150
1,LARC-23-7,LARCENY - THEFT OF MOTOR VEHICLE PARTS,2021-04-27,0732,4900 MANITOBA DR,ALEXANDRIA,VA,22312
2,SERV-999,POLICE PHONE REPORT,2021-04-27,0732,4900 MANITOBA DR,ALEXANDRIA,VA,22312
1,SERV-11,SERVICE - NATURAL DEATH,2021-04-27,0731,7500 ASPENPARK RD,LORTON,VA,22079
1,LARC-23-6,LARCENY - THEFT FROM MOTOR VEHICLE,2021-04-27,0741,7100 DIJOHN COURT DR,ALEXANDRIA,VA,22315
2,SERV-999,POLICE PHONE REPORT,2021-04-27,0741,7100 DIJOHN COURT DR,ALEXANDRIA,VA,22315
1,ANML-90Z-6,ANIMAL - ANIMAL BITE - DOMESTIC,2021-04-27,0858,13800 METROTECH DR,CHANTILLY,VA,20151
2,SERV-999,POLICE PHONE REPORT,2021-04-27,0858,13800 METROTECH DR,CHANTILLY,VA,20151
1,DISORD-90C-2,DISORDERLY - DISORDERLY CONDUCT,2021-04-27,0856,2700 GALLOWS RD,VIENNA,VA,22180
1,FRAUD-26A-1,FRAUD - FALSE PRETENSES/SWINDLE/CONFIDENCE GAME,2021-04-27,0839,4600 LEGATO RD,FAIRFAX,VA,22030
1,LARC-23-6,LARCENY - THEFT FROM MOTOR VEHICLE,2021-04-27,0645,1800 CAPITAL ONE DR,MCLEAN,VA,22102
1,SERV-1,SERVICE - POLICE SERVICE,2021-04-27,0853,13500 BRIGHTFIELD LN,HERNDON,VA,20171
1,SERV-33,SERVICE - NON DMV REPORTABLE CRASH,2021-04-27,0940,6300 BRANDON AVE,SPRINGFIELD,VA,22150
1,ASSLT-13C-3,THREATS - TELEPHONE THREATS/ABUSE/OBSCENE,2021-04-27,0241,7200 WILBURDALE DR,ANNANDALE,VA,22003
2,SERV-999,POLICE PHONE REPORT,2021-04-27,0241,7200 WILBURDALE DR,ANNANDALE,VA,22003
1,ASSLT-13B-1,ASSAULT - SIMPLE; NOT AGGRAVATED,2021-04-27,0940,6400 BACKLICK RD,SPRINGFIELD,VA,22150
1,LARC-23-11,LARCENY - CHECKS; CREDIT CARDS; BANK NOTES; ETC.,2021-04-27,0952,2500 CHASE WELLESLEY DR,HERNDON,VA,20171
2,SERV-999,POLICE PHONE REPORT,2021-04-27,0952,2500 CHASE WELLESLEY DR,HERNDON,VA,20171
1,DISORD-90C-2,DISORDERLY - DISORDERLY CONDUCT,2021-04-27,1014,6300 WALKER LN,ALEXANDRIA,VA,22310
2,ANML-3,ANIMAL - SERVICE - DOMESTIC,2021-04-27,1014,6300 WALKER LN,ALEXANDRIA,VA,22310
1,TRES-90J-1,TRESPASSING - PRIVATE PROPERTY,2021-04-27,0920,3300 FREEDOM PL,FALLS CHURCH,VA,22041
1,DISORD-90C-2,DISORDERLY - DISORDERLY CONDUCT,2021-04-27,1033,2400 FAIRHAVEN AVE,ALEXANDRIA,VA,22303
1,TRES-90J-1,TRESPASSING - PRIVATE PROPERTY,2021-04-27,0001,5400 FOREST AVE,ALEXANDRIA,VA,22310
1,SERV-1,SERVICE - POLICE SERVICE,2021-04-27,1115,9500 LINNETT HILL DR,LORTON,VA,22079
1,SERV-45,SRO RELATED EVENT,2021-04-27,0950,2500 CEDAR LN,FAIRFAX,VA,22180
2,SERV-1,SERVICE - POLICE SERVICE,2021-04-27,0950,2500 CEDAR LN,FAIRFAX,VA,22180
1,SUSP-1,SUSPICIOUS - EVENT,2021-04-27,1046,2900 DISTRICT AVE,FAIRFAX,VA,22031
2,SERV-999,POLICE PHONE REPORT,2021-04-27,1046,2900 DISTRICT AVE,FAIRFAX,VA,22031
1,TRES-90J-1,TRESPASSING - PRIVATE PROPERTY,2021-04-27,1202,11100 SOUTH LAKES DR,RESTON,VA,20191
2,SERV-29,SERVICE - DOMESTIC DISPUTE,2021-04-27,1143,7800 RICHMOND HWY,ALEXANDRIA,VA,22306
1,ASSLT-13C-3,THREATS - TELEPHONE THREATS/ABUSE/OBSCENE,2021-04-27,1143,7800 RICHMOND HWY,ALEXANDRIA,VA,22306
1,SERV-1,SERVICE - POLICE SERVICE,2021-04-27,1222,4700 CARTERWOOD DR,FAIRFAX,VA,22032
1,FRAUD-26C-1,FRAUD - IMPERSONATION,2021-04-27,1213,7300 BURTONWOOD DR,ALEXANDRIA,VA,22307
2,SERV-999,POLICE PHONE REPORT,2021-04-27,1213,7300 BURTONWOOD DR,ALEXANDRIA,VA,22307
1,ASSLT-13B-1,ASSAULT - SIMPLE; NOT AGGRAVATED,2021-04-27,1230, GALLOWS RD / LEE HWY,FALLS CHURCH,VA,22042
1,LARC-23-9,LARCENY -  ALL OTHER LARCENY,2021-04-27,1226,8300 OLD KEENE MILL RD,SPRINGFIELD,VA,22152
1,ANML-720,ANIMAL - CRUELTY TO ANIMAL,2021-04-27,1215,5700 LARPIN LN,ALEXANDRIA,VA,22310
2,ANML-90Z-3,ANIMAL - LICENSE VIOLATION,2021-04-27,1215,5700 LARPIN LN,ALEXANDRIA,VA,22310
3,ANML-90Z-1,ANIMAL - RUNNING AT LARGE/UNRESTRICTED,2021-04-27,1215,5700 LARPIN LN,ALEXANDRIA,VA,22310
1,ANML-90Z-6,ANIMAL - ANIMAL BITE - DOMESTIC,2021-04-27,,300 HERNDON PKWY,HERNDON,VA,20170
2,SERV-999,POLICE PHONE REPORT,2021-04-27,,300 HERNDON PKWY,HERNDON,VA,20170
1,SUSP-1,SUSPICIOUS - EVENT,2021-04-27,1120,8500 SILVERBROOK RD,LORTON,VA,22079
2,SERV-45,SRO RELATED EVENT,2021-04-27,1120,8500 SILVERBROOK RD,LORTON,VA,22079
1,LARC-23-9,LARCENY -  ALL OTHER LARCENY,2021-04-27,1229,1200 WINDROCK DR,MCLEAN,VA,22102
2,SERV-999,POLICE PHONE REPORT,2021-04-27,1229,1200 WINDROCK DR,MCLEAN,VA,22102
1,LARC-23-9,LARCENY -  ALL OTHER LARCENY,2021-04-27,1220,6000 CHAPMAN RD,LORTON,VA,22079
1,LARC-23-3,LARCENY - SHOPLIFTING,2021-04-27,1255,5700 LEESBURG PIKE,FALLS CHURCH,VA,22041
1,DEST-290-7,DESTRUCTION - GRAFFITI,2021-04-27,1324, FRANCONIA RD / RIDGE VIEW DR,ALEXANDRIA,VA,22310
1,ANML-90Z-3,ANIMAL - LICENSE VIOLATION,2021-04-27,1313,1300 OLD CHAIN BRIDGE RD,MCLEAN,VA,22101
2,ANML-3,ANIMAL - SERVICE - DOMESTIC,2021-04-27,1313,1300 OLD CHAIN BRIDGE RD,MCLEAN,VA,22101
3,SERV-999,POLICE PHONE REPORT,2021-04-27,1313,1300 OLD CHAIN BRIDGE RD,MCLEAN,VA,22101
1,SERV-29,SERVICE - DOMESTIC DISPUTE,2021-04-27,1307,6900 RICHMOND HWY,ALEXANDRIA,VA,22306
1,ASSLT-13B-1,ASSAULT - SIMPLE; NOT AGGRAVATED,2021-04-27,1323, GATE HOUSE PLZ / GATEHOUSE RD,FALLS CHURCH,VA,22042
1,DEST-290-7,DESTRUCTION - GRAFFITI,2021-04-27,1206, BEECHCRAFT DR / FORDSON RD,ALEXANDRIA,VA,22306
1,WARR-90Z-4,WARRANT - WARRANT SERVICE,2021-04-27,1156,12700 SHOPPES LN,FAIRFAX,VA,22033
1,TRES-90J-1,TRESPASSING - PRIVATE PROPERTY,2021-04-27,1156,12700 SHOPPES LN,FAIRFAX,VA,22033
1,SUSP-2,SUSPICIOUS - PERSON,2021-04-27,0330,2400 CYPRESS GREEN LN,HERNDON,VA,20171
1,SERV-8,SERVICE - LOST/FOUND PROPERTY,2021-04-27,1301,13700 MCGILL DR,CHANTILLY,VA,20151
1,LARC-23-9,LARCENY -  ALL OTHER LARCENY,2021-04-27,1351,6300 STONE RD,CENTREVILLE,VA,20121
1,WARR-90Z-5,FUGITIVE - FUGITIVE FROM JUSTICE,2021-04-27,1305,10500 JUDICIAL DR,FAIRFAX,VA,22030
1,SERV-1,SERVICE - POLICE SERVICE,2021-04-27,1045,10700 PAGE AVE,FAIRFAX,VA,22030
2,SERV-999,POLICE PHONE REPORT,2021-04-27,1045,10700 PAGE AVE,FAIRFAX,VA,22030
1,DEST-290-2,DESTRUCTION - PRIVATE PROPERTY,2021-04-27,1340,12400 LIBERTY BRIDGE RD,FAIRFAX,VA,22033
1,LARC-23-3,LARCENY - SHOPLIFTING,2021-04-27,1406,8000 TYSONS CORNER CTR,MCLEAN,VA,22102
1,SERV-1,SERVICE - POLICE SERVICE,2021-04-27,1359,7900 INVERTON RD,ANNANDALE,VA,22003
1,LARC-23-4,LARCENY - THEFT FROM BUILDING,2021-04-27,1427,5600 SEMINARY RD,FALLS CHURCH,VA,22041
2,\,POLICE PHONE REPORT,2021-04-27,1427,5600 SEMINARY RD,FALLS CHURCH,VA,22041
1,SERV-29,SERVICE - DOMESTIC DISPUTE,2021-04-27,1458,4300 WEDGEWOOD DR,ANNANDALE,VA,22003
2,SERV-999,POLICE PHONE REPORT,2021-04-27,1458,4300 WEDGEWOOD DR,ANNANDALE,VA,22003
1,SERV-29,SERVICE - DOMESTIC DISPUTE,2021-04-27,1354,4200 AIRLINE PKWY,CHANTILLY,VA,20151
1,TRES-90J-1,TRESPASSING - PRIVATE PROPERTY,2021-04-27,1441,2600 JACKSON DR,FALLS CHURCH,VA,22043
2,SERV-999,POLICE PHONE REPORT,2021-04-27,1441,2600 JACKSON DR,FALLS CHURCH,VA,22043
1,SUSP-1,SUSPICIOUS - EVENT,2021-04-27,1501,6700 BACKLICK RD,SPRINGFIELD,VA,22150
1,WEAP-520-9,WEAPONS - BRANDISHING,2021-04-27,1516,8300 AINSLEY CT,LORTON,VA,22079
1,DEST-290-2,DESTRUCTION - PRIVATE PROPERTY,2021-04-27,1500,6000 ARGYLE DR,FALLS CHURCH,VA,22041
1,SERV-8,SERVICE - LOST/FOUND PROPERTY,2021-04-27,1548,12300 LEE JACKSON MEMORIAL HWY,FAIRFAX,VA,22033
1,SERV-29,SERVICE - DOMESTIC DISPUTE,2021-04-27,1427,8100 HEATHERTON LN,VIENNA,VA,22180
2,SERV-8,SERVICE - LOST/FOUND PROPERTY,2021-04-27,1427,8100 HEATHERTON LN,VIENNA,VA,22180
1,ASSLT-13A-1,ASSAULT - AGGRAVATED,2021-04-27,1542,7200 PARKWOOD CT,FALLS CHURCH,VA,22042
1,SERV-6,SERVICE - ANIMAL DESTROYED BY SERVICE WEAPON,2021-04-27,1536,10900 JUSTIN KNOLL RD,OAKTON,VA,22124
1,SERV-29,SERVICE - DOMESTIC DISPUTE,2021-04-27,1405,13800 JEFFERSON PARK DR,HERNDON,VA,20171
1,SERV-1,SERVICE - POLICE SERVICE,2021-04-27,1552,7800 LAMBKIN CT,LORTON,VA,22079
1,ANML-90Z-6,ANIMAL - ANIMAL BITE - DOMESTIC,2021-04-27,1608,3000 CRANE DR,FALLS CHURCH,VA,22042
2,SERV-999,POLICE PHONE REPORT,2021-04-27,1608,3000 CRANE DR,FALLS CHURCH,VA,22042
1,SERV-5,SERVICE - ANIMAL DESTROYED BY CHEMICAL,2021-04-27,1600,8000 SEATON ST,ALEXANDRIA,VA,22306
1,SERV-999,POLICE PHONE REPORT,2021-04-27,1625,2300 NORDOK PL,ALEXANDRIA,VA,22306
1,ANML-90Z-1,ANIMAL - RUNNING AT LARGE/UNRESTRICTED,2021-04-27,1631,3200 WINTER SUN TER,HERNDON,VA,20171
1,SERV-33,SERVICE - NON DMV REPORTABLE CRASH,2021-04-27,1640, RT28 NB THRU RAMP / XXPARKING LOT,CHANTILLY,VA,20151
1,ASSLT-13B-1,ASSAULT - SIMPLE; NOT AGGRAVATED,2021-04-27,1631,5800 CAMERON RUN TER,ALEXANDRIA,VA,22303
2,SERV-999,POLICE PHONE REPORT,2021-04-27,1631,5800 CAMERON RUN TER,ALEXANDRIA,VA,22303
1,TRES-90J-1,TRESPASSING - PRIVATE PROPERTY,2021-04-27,1640,7900 AUDUBON AVE,ALEXANDRIA,VA,22306
1,TRES-90J-1,TRESPASSING - PRIVATE PROPERTY,2021-04-27,1624,13900 LEE JACKSON MEMORIAL HWY,CHANTILLY,VA,20151
1,PARK-90Z-1,PARKING - INOPERATIVE/ABANDONED VEHICLE,2021-04-27,1808, BAY VALLEY LN / COMPTON VALLEY WAY,CENTREVILLE,VA,20121
1,SERV-1,SERVICE - POLICE SERVICE,2021-04-27,1740,8300 JONES BRANCH DR,MCLEAN,VA,22102
1,LARC-23-6,LARCENY - THEFT FROM MOTOR VEHICLE,2021-04-27,1715,5300 GUINEA RD,FAIRFAX,VA,22032
2,SERV-999,POLICE PHONE REPORT,2021-04-27,1715,5300 GUINEA RD,FAIRFAX,VA,22032
1,WARR-90Z-4,WARRANT - WARRANT SERVICE,2021-04-27,1813,7100 CENTREVILLE RD,CENTREVILLE,VA,20121
1,DISORD-90C-2,DISORDERLY - DISORDERLY CONDUCT,2021-04-27,1848, GEORGE WASHINGTON MEMORIAL PKWY / MOUNT VERNON HWY,ALEXANDRIA,VA,22309
1,SERV-32,SERVICE - STOLEN AUTO RECOVERY OTHER JURISDICTION,2021-04-27,1834, I495 SB RAMP TO RT650 / XXRESTRICTED,FALLS CHURCH,VA,22042
1,LARC-23-4,LARCENY - THEFT FROM BUILDING,2021-04-27,1000,3500 HUNTLEY MANOR LN,ALEXANDRIA,VA,22306
2,SERV-999,POLICE PHONE REPORT,2021-04-27,1000,3500 HUNTLEY MANOR LN,ALEXANDRIA,VA,22306
1,PUB-90Z-5,PUBLIC SAFETY - FALSE REPORT OF CRIME,2021-04-27,1859,1900 RESTON METRO PLZ,RESTON,VA,20190
1,SERV-8,SERVICE - LOST/FOUND PROPERTY,2021-04-27,1913,11400 FAIRWAY DR,RESTON,VA,20190
1,SEX-90Z-1,SEX - INDECENT EXPOSURE,2021-04-27,1900,9000 BLUFFWOOD CT,BURKE,VA,22015
2,SERV-999,POLICE PHONE REPORT,2021-04-27,1900,9000 BLUFFWOOD CT,BURKE,VA,22015
1,ASSLT-13B-1,ASSAULT - SIMPLE; NOT AGGRAVATED,2021-04-27,1908,7500 REPUBLIC CT,ALEXANDRIA,VA,22306
1,SUSP-1,SUSPICIOUS - EVENT,2021-04-27,1938,2300 SOUTHGATE SQ,RESTON,VA,20191
1,SERV-8,SERVICE - LOST/FOUND PROPERTY,2021-04-27,1932,13800 BRADDOCK RD,CENTREVILLE,VA,20121
1,SUSP-1,SUSPICIOUS - EVENT,2021-04-27,1600,5500 RIDGETON HILL CT,FAIRFAX,VA,22032
1,ANML-90Z-1,ANIMAL - RUNNING AT LARGE/UNRESTRICTED,2021-04-27,1940,7400 GRACE ST,SPRINGFIELD,VA,22150
2,ANML-90Z-3,ANIMAL - LICENSE VIOLATION,2021-04-27,1940,7400 GRACE ST,SPRINGFIELD,VA,22150
1,TRES-90J-1,TRESPASSING - PRIVATE PROPERTY,2021-04-27,1926,1100 OLD STABLE RD,MCLEAN,VA,22102
1,PUB-90Z-1,PUBLIC SAFETY - IMPERSONATE LEO,2021-04-27,1904,11200 JAMES SWART CIR,FAIRFAX,VA,22030
2,SUSP-2,SUSPICIOUS - PERSON,2021-04-27,1904,11200 JAMES SWART CIR,FAIRFAX,VA,22030
1,SERV-2,SERVICE - CIVIL DISPUTE,2021-04-27,2002,5800 WOODLAWN GREEN CT,ALEXANDRIA,VA,22309
1,LARC-23-6,LARCENY - THEFT FROM MOTOR VEHICLE,2021-04-27,0145,2800 STAR OPAL DR,FAIRFAX,VA,22031
2,SERV-999,POLICE PHONE REPORT,2021-04-27,0145,2800 STAR OPAL DR,FAIRFAX,VA,22031
1,SERV-29,SERVICE - DOMESTIC DISPUTE,2021-04-27,2032,9700 ALWAES DR,FAIRFAX,VA,22031
1,ANML-90Z-6,ANIMAL - ANIMAL BITE - DOMESTIC,2021-04-27,1930,2300 MEADOW WILLOW CIR,HERNDON,VA,20171
2,ANML-90Z-3,ANIMAL - LICENSE VIOLATION,2021-04-27,1930,2300 MEADOW WILLOW CIR,HERNDON,VA,20171
3,SERV-999,POLICE PHONE REPORT,2021-04-27,1930,2300 MEADOW WILLOW CIR,HERNDON,VA,20171
1,ANML-90Z-1,ANIMAL - RUNNING AT LARGE/UNRESTRICTED,2021-04-27,,7100 GROVETON GARDENS RD,ALEXANDRIA,VA,22306
1,LARC-23-3,LARCENY - SHOPLIFTING,2021-04-27,2048,5700 COLUMBIA PIKE,FALLS CHURCH,VA,22041
1,SERV-1,SERVICE - POLICE SERVICE,2021-04-27,2021,13300 FRANKLIN FARM RD,HERNDON,VA,20171
1,DISORD-90C-2,DISORDERLY - DISORDERLY CONDUCT,2021-04-27,2032,8000 ROLLING RD,SPRINGFIELD,VA,22153
1,DRUG-35A-4,DRUGS - MARIJUANA POSSESSION,2021-04-27,2122,6000 BELLVIEW DR,FALLS CHURCH,VA,22041
1,SERV-1,SERVICE - POLICE SERVICE,2021-04-27,2107,2800 RIFLE RIDGE RD,OAKTON,VA,22124
1,ASSLT-13B-1,ASSAULT - SIMPLE; NOT AGGRAVATED,2021-04-27,2149,6400 OLD SCOTTS CT,SPRINGFIELD,VA,22152
1,SERV-29,SERVICE - DOMESTIC DISPUTE,2021-04-27,2134,13800 CABELLS MILL DR,CENTREVILLE,VA,20120
2,SERV-999,POLICE PHONE REPORT,2021-04-27,2215,6600 ARLINGTON BLVD,FALLS CHURCH,VA,22042
1,SUSP-1,SUSPICIOUS - EVENT,2021-04-27,2227,7400 PAXTON RD,FALLS CHURCH,VA,22043
1,SERV-29,SERVICE - DOMESTIC DISPUTE,2021-04-27,2218,12500 ROYAL WOLF PL,FAIRFAX,VA,22030
1,SERV-11,SERVICE - NATURAL DEATH,2021-04-27,2151,9000 GLENBROOK RD,FAIRFAX,VA,22031
2,SERV-999,POLICE PHONE REPORT,2021-04-27,2140,4900 NOVAK LN,FAIRFAX,VA,22030
1,ASSLT-13C-3,THREATS - TELEPHONE THREATS/ABUSE/OBSCENE,2021-04-27,2140,4900 NOVAK LN,FAIRFAX,VA,22030
1,SERV-9,SERVICE - OPEN DOOR,2021-04-27,2309,6000 BITTERNUT DR,ALEXANDRIA,VA,22310
1,SERV-29,SERVICE - DOMESTIC DISPUTE,2021-04-27,2326,1700 TYSONS CENTRAL ST,VIENNA,VA,22102
2,TRES-90J-1,TRESPASSING - PRIVATE PROPERTY,2021-04-27,2030,8000 MERRY OAKS LN,VIENNA,VA,22182
1,LARC-23-9,LARCENY -  ALL OTHER LARCENY,2021-04-27,2030,8000 MERRY OAKS LN,VIENNA,VA,22182
1,LARC-23-6,LARCENY - THEFT FROM MOTOR VEHICLE,2021-04-27,2145,3200 SHANDWICK PL,FAIRFAX,VA,22031
2,SERV-999,POLICE PHONE REPORT,2021-04-27,2145,3200 SHANDWICK PL,FAIRFAX,VA,22031
1,SERV-999,POLICE PHONE REPORT,2021-04-27,2100,7600 ALLMAN DR,ANNANDALE,VA,22003
2,SERV-29,SERVICE - DOMESTIC DISPUTE,2021-04-27,2100,7600 ALLMAN DR,ANNANDALE,VA,22003
1,TRES-90J-1,TRESPASSING - PRIVATE PROPERTY,2021-04-27,2130,3200 GALLOWS RD,FAIRFAX,VA,22031
1,DEST-290-2,DESTRUCTION - PRIVATE PROPERTY,2021-04-27,2100,12800 DOGWOOD HILLS LN,FAIRFAX,VA,22033
2,SERV-999,POLICE PHONE REPORT,2021-04-27,2100,12800 DOGWOOD HILLS LN,FAIRFAX,VA,22033
1,DEST-290-6,DESTRUCTION - OTHER,2021-04-27,1104,8500 LEESBURG PIKE,VIENNA,VA,22182
1,LARC-23-7,LARCENY - THEFT OF MOTOR VEHICLE PARTS,2021-04-27,1330,3000 ANNANDALE RD,FALLS CHURCH,VA,22042
1,SERV-999,POLICE PHONE REPORT,2021-04-27,2351,7700 WAGON TRAIL LN,SPRINGFIELD,VA,22153
2,SUSP-1,SUSPICIOUS - EVENT,2021-04-27,2351,7700 WAGON TRAIL LN,SPRINGFIELD,VA,22153
1,LARC-23-6,LARCENY - THEFT FROM MOTOR VEHICLE,2021-04-27,1800,4500 SHETLAND GREEN RD,ALEXANDRIA,VA,22312
1,AUTO-240-4,AUTO THEFT - AUTOS,2021-04-27,2350,6800 RICHMOND HWY,ALEXANDRIA,VA,22306
2,DEST-290-2,DESTRUCTION - PRIVATE PROPERTY,2021-04-27,2350,6800 RICHMOND HWY,ALEXANDRIA,VA,22306
1,TRES-90J-1,TRESPASSING - PRIVATE PROPERTY,2021-04-27,1300,5500 HECATE CT,FAIRFAX,VA,22032
2,SERV-999,POLICE PHONE REPORT,2021-04-27,1300,5500 HECATE CT,FAIRFAX,VA,22032
1,SERV-1,SERVICE - POLICE SERVICE,2021-04-27,1700,7600 TELEGRAPH RD,ALEXANDRIA,VA,22315
2,SERV-45,SRO RELATED EVENT,2021-04-27,1700,7600 TELEGRAPH RD,ALEXANDRIA,VA,22315
1,LARC-23-8,LARCENY - THEFT OF BICYCLES,2021-04-27,2330,8500 ROBIN RIDGE RD,FAIRFAX,VA,22031
1,LARC-23-6,LARCENY - THEFT FROM MOTOR VEHICLE,2021-04-27,1830,3300 STONE HEATHER CT,HERNDON,VA,20171
2,SERV-999,POLICE PHONE REPORT,2021-04-27,1830,3300 STONE HEATHER CT,HERNDON,VA,20171
1,LARC-23-3,LARCENY - SHOPLIFTING,2021-04-27,1554,7900 HILLTOP VILLAGE CENTER DR,ALEXANDRIA,VA,22315
2,SERV-999,POLICE PHONE REPORT,2021-04-27,1554,7900 HILLTOP VILLAGE CENTER DR,ALEXANDRIA,VA,22315
1,TRES-90J-1,TRESPASSING - PRIVATE PROPERTY,2021-04-27,1630,4500 SHOAL CREEK CT,ALEXANDRIA,VA,22312
1,TRES-90J-1,TRESPASSING - PRIVATE PROPERTY,2021-04-27,1800,4500 SHOAL CREEK CT,ALEXANDRIA,VA,22312
2,ASSLT-13B-1,ASSAULT - SIMPLE; NOT AGGRAVATED,2021-04-27,2005,7900 JOHN ADAMS CT,ANNANDALE,VA,22003
1,ABDCT-100-1,ABDUCTION - KIDNAPPING/ABDUCTION,2021-04-27,2005,7900 JOHN ADAMS CT,ANNANDALE,VA,22003
1,DEST-290-2,DESTRUCTION - PRIVATE PROPERTY,2021-04-27,1700,6300 PRINCE WAY,CENTREVILLE,VA,20120
1,SUSP-1,SUSPICIOUS - EVENT,2021-04-27,1400,7100 CHURCHILL RD,MCLEAN,VA,22101
3,SERV-999,POLICE PHONE REPORT,2021-04-27,1900,7400 CARATH CT,SPRINGFIELD,VA,22153
1,TRES-90J-1,TRESPASSING - PRIVATE PROPERTY,2021-04-27,1900,7400 CARATH CT,SPRINGFIELD,VA,22153
2,TRES-90J-7,TRESPASSING - UNLAWFUL ENTRY,2021-04-27,1900,7400 CARATH CT,SPRINGFIELD,VA,22153
1,ASSLT-13C-3,THREATS - TELEPHONE THREATS/ABUSE/OBSCENE,2021-04-27,1331,5500 SEMINARY RD,FALLS CHURCH,VA,22041
1,SERV-1,SERVICE - POLICE SERVICE,2021-04-28,0039,8100 HEATHERTON LN,VIENNA,VA,22180
1,ASSLT-13B-1,ASSAULT - SIMPLE; NOT AGGRAVATED,2021-04-28,0211,7200 OLD KEENE MILL RD,SPRINGFIELD,VA,22150
1,ASSLT-13B-1,ASSAULT - SIMPLE; NOT AGGRAVATED,2021-04-28,0046,10500 OLD COLCHESTER RD,LORTON,VA,22079
2,WARR-90Z-4,WARRANT - WARRANT SERVICE,2021-04-28,0215, CANAAN CT / NEWINGTON COMMONS RD,LORTON,VA,22079
3,SUSP-2,SUSPICIOUS - PERSON,2021-04-28,0215, CANAAN CT / NEWINGTON COMMONS RD,LORTON,VA,22079
1,DRUG-35A-4,DRUGS - MARIJUANA POSSESSION,2021-04-28,0215, CANAAN CT / NEWINGTON COMMONS RD,LORTON,VA,22079
1,BURG-220-3,BURGLARY/BREAKING AND ENTERING,2021-04-28,0300,8500 LEE HWY,FAIRFAX,VA,22031
1,AUTO-240-4,AUTO THEFT - AUTOS,2021-04-28,0449,3400 HOLLY RD,ANNANDALE,VA,22003
1,SUSP-1,SUSPICIOUS - EVENT,2021-04-28,0200,10600 ZION DR,FAIRFAX,VA,22032
2,SERV-999,POLICE PHONE REPORT,2021-04-28,0600, COLUMBIA PIKE / MAPLE PL,ANNANDALE,VA,22003
1,TRES-90J-1,TRESPASSING - PRIVATE PROPERTY,2021-04-28,0523,9400 RICHMOND HWY,LORTON,VA,22079
1,LARC-23-6,LARCENY - THEFT FROM MOTOR VEHICLE,2021-04-28,0611,6300 GRAVEL AVE,ALEXANDRIA,VA,22310
2,AUTO-240-4,AUTO THEFT - AUTOS,2021-04-28,0611,6300 GRAVEL AVE,ALEXANDRIA,VA,22310
2,SERV-999,POLICE PHONE REPORT,2021-04-28,0640,3600 GLENBROOK RD,FAIRFAX,VA,22031
1,LARC-23-4,LARCENY - THEFT FROM BUILDING,2021-04-28,0715,12700 FAIR LAKES CIR,FAIRFAX,VA,22033
2,SERV-999,POLICE PHONE REPORT,2021-04-28,0400,5300 GAINSBOROUGH DR,FAIRFAX,VA,22032
1,TRES-90J-1,TRESPASSING - PRIVATE PROPERTY,2021-04-28,0400,5300 GAINSBOROUGH DR,FAIRFAX,VA,22032
1,SERV-33,SERVICE - NON DMV REPORTABLE CRASH,2021-04-28,0839, BENNETT RD / FOX MILL RD,HERNDON,VA,20171
1,ANML-4,ANIMAL - SERVICE - WILD,2021-04-28,0228,9800 JOHN ROBERT WAY,FAIRFAX,VA,22032
1,BURG-220-2,BURGLARY - NO FORCE,2021-04-28,0100,6500 RIVER TWEED LN,ALEXANDRIA,VA,22312
1,SUSP-1,SUSPICIOUS - EVENT,2021-04-28,0855,1900 RESTON METRO PLZ,RESTON,VA,20190
1,SERV-1,SERVICE - POLICE SERVICE,2021-04-28,0709,2100 TANNIN PL,VIENNA,VA,22182
1,SERV-2,SERVICE - CIVIL DISPUTE,2021-04-28,0854,7600 ROANOKE AVE,ANNANDALE,VA,22003
1,ANML-720,ANIMAL - CRUELTY TO ANIMAL,2021-04-28,0918,5700 BELCHER FARM DR,CENTREVILLE,VA,20120
2,ANML-90Z-3,ANIMAL - LICENSE VIOLATION,2021-04-28,0918,5700 BELCHER FARM DR,CENTREVILLE,VA,20120
1,SERV-6,SERVICE - ANIMAL DESTROYED BY SERVICE WEAPON,2021-04-28,0831,4000 MAPLETON DR,CHANTILLY,VA,20151
1,SERV-2,SERVICE - CIVIL DISPUTE,2021-04-28,1010,7700 RICHMOND HWY,ALEXANDRIA,VA,22306
1,ANML-4,ANIMAL - SERVICE - WILD,2021-04-28,0929,1000 DALEBROOK DR,ALEXANDRIA,VA,22308
2,ANML-90Z-1,ANIMAL - RUNNING AT LARGE/UNRESTRICTED,2021-04-28,0940,5500 SEMINARY RD,ALEXANDRIA,VA,22311
1,ANML-720,ANIMAL - CRUELTY TO ANIMAL,2021-04-28,0940,5500 SEMINARY RD,ALEXANDRIA,VA,22311
3,ANML-90Z-3,ANIMAL - LICENSE VIOLATION,2021-04-28,0940,5500 SEMINARY RD,ALEXANDRIA,VA,22311
5,SERV-999,POLICE PHONE REPORT,2021-04-28,0940,5500 SEMINARY RD,ALEXANDRIA,VA,22311
4,ANML-90Z-2,ANIMAL - RABIES CERTIFICATE VIOLATION,2021-04-28,0940,5500 SEMINARY RD,ALEXANDRIA,VA,22311
1,ANML-90Z-1,ANIMAL - RUNNING AT LARGE/UNRESTRICTED,2021-04-28,1014,13700 NEWPORT DR,CHANTILLY,VA,20151
2,ANML-90Z-3,ANIMAL - LICENSE VIOLATION,2021-04-28,1014,13700 NEWPORT DR,CHANTILLY,VA,20151
1,SERV-1,SERVICE - POLICE SERVICE,2021-04-28,1036,700 LIVE OAK DR,MCLEAN,VA,22101
1,ANML-4,ANIMAL - SERVICE - WILD,2021-04-28,1028,5800 STONE RIDGE DR,CENTREVILLE,VA,20120
2,SERV-5,SERVICE - ANIMAL DESTROYED BY CHEMICAL,2021-04-28,1028,5800 STONE RIDGE DR,CENTREVILLE,VA,20120
1,SERV-5,SERVICE - ANIMAL DESTROYED BY CHEMICAL,2021-04-28,1017,7500 CROSS GATE LN,ALEXANDRIA,VA,22315
1,SERV-1,SERVICE - POLICE SERVICE,2021-04-28,1043,5800 NORTON RD,ALEXANDRIA,VA,22303
1,SERV-1,SERVICE - POLICE SERVICE,2021-04-28,1045,11000 RING RD,RESTON,VA,20190
1,SERV-1,SERVICE - POLICE SERVICE,2021-04-28,1139,8300 BOTSFORD CT,SPRINGFIELD,VA,22152
1,SERV-8,SERVICE - LOST/FOUND PROPERTY,2021-04-28,1204,2900 FURMAN LN,ALEXANDRIA,VA,22306
1,SUSP-1,SUSPICIOUS - EVENT,2021-04-28,1120,7200 COMMERCE ST,SPRINGFIELD,VA,22150
1,ANML-3,ANIMAL - SERVICE - DOMESTIC,2021-04-28,1100,1100 WAYNEWOOD BLVD,ALEXANDRIA,VA,22308
1,TRES-90J-1,TRESPASSING - PRIVATE PROPERTY,2021-04-28,1138,6500 SAND WEDGE CT,ALEXANDRIA,VA,22312
1,AUTO-240-4,AUTO THEFT - AUTOS,2021-04-28,1205, ELMWOOD DR / STRATHMEADE ST,FALLS CHURCH,VA,22042
1,SUSP-1,SUSPICIOUS - EVENT,2021-04-28,1232,13400 BIRCH BARK CT,FAIRFAX,VA,22033
1,TRES-90J-1,TRESPASSING - PRIVATE PROPERTY,2021-04-28,1130,6500 ELNIDO DR,MCLEAN,VA,22101
1,TRES-90J-1,TRESPASSING - PRIVATE PROPERTY,2021-04-28,1135,6500 ELNIDO DR,MCLEAN,VA,22101
1,ASSLT-13B-1,ASSAULT - SIMPLE; NOT AGGRAVATED,2021-04-28,1146,5600 COLUMBIA PIKE,FALLS CHURCH,VA,22041
1,LARC-23-6,LARCENY - THEFT FROM MOTOR VEHICLE,2021-04-28,0245,2700 MENNIFIELD CT,ALEXANDRIA,VA,22306
2,SERV-999,POLICE PHONE REPORT,2021-04-28,0245,2700 MENNIFIELD CT,ALEXANDRIA,VA,22306
2,SERV-999,POLICE PHONE REPORT,2021-04-28,0800,3200 ALLEN ST,FALLS CHURCH,VA,22042
1,ASSLT-13C-3,THREATS - TELEPHONE THREATS/ABUSE/OBSCENE,2021-04-28,0800,3200 ALLEN ST,FALLS CHURCH,VA,22042
1,SERV-999,POLICE PHONE REPORT,2021-04-28,0930,6800 BRIAN MICHAEL CT,SPRINGFIELD,VA,22153
2,SERV-37,SERVICE - MISSING JUVENILE,2021-04-28,0930,6800 BRIAN MICHAEL CT,SPRINGFIELD,VA,22153
1,LARC-23-6,LARCENY - THEFT FROM MOTOR VEHICLE,2021-04-28,1120,6000 LEESBURG PIKE,FALLS CHURCH,VA,22041
1,SUSP-2,SUSPICIOUS - PERSON,2021-04-28,1214,6600 HOLFORD LN,SPRINGFIELD,VA,22152
2,SERV-999,POLICE PHONE REPORT,2021-04-28,1214,6600 HOLFORD LN,SPRINGFIELD,VA,22152
1,SERV-1,SERVICE - POLICE SERVICE,2021-04-28,1247,5600 STONE RD,CENTREVILLE,VA,20120
1,ASSLT-13C-3,THREATS - TELEPHONE THREATS/ABUSE/OBSCENE,2021-04-28,0900,11200 WAPLES MILL RD,FAIRFAX,VA,22030
2,SERV-999,POLICE PHONE REPORT,2021-04-28,0900,11200 WAPLES MILL RD,FAIRFAX,VA,22030
1,SUSP-1,SUSPICIOUS - EVENT,2021-04-28,1149,7800 LEWIS CHAPEL CIR,LORTON,VA,22079
1,SERV-29,SERVICE - DOMESTIC DISPUTE,2021-04-28,1257,8000 PANTANO PL,ALEXANDRIA,VA,22309
1,ANML-90Z-3,ANIMAL - LICENSE VIOLATION,2021-04-28,1334,4400 BEECHSTONE LN,FAIRFAX,VA,22033
2,ANML-90Z-1,ANIMAL - RUNNING AT LARGE/UNRESTRICTED,2021-04-28,1334,4400 BEECHSTONE LN,FAIRFAX,VA,22033
3,ANML-90Z-6,ANIMAL - ANIMAL BITE - DOMESTIC,2021-04-28,1334,4400 BEECHSTONE LN,FAIRFAX,VA,22033
4,SERV-999,POLICE PHONE REPORT,2021-04-28,1334,4400 BEECHSTONE LN,FAIRFAX,VA,22033
1,ANML-720,ANIMAL - CRUELTY TO ANIMAL,2021-04-28,1303,8900 LORTON STATION BLVD,LORTON,VA,22079
1,SERV-1,SERVICE - POLICE SERVICE,2021-04-28,1245,4700 STONECROFT BLVD,CHANTILLY,VA,20151
1,SERV-1,SERVICE - POLICE SERVICE,2021-04-28,1350,7900 FLINT ST,SPRINGFIELD,VA,22153
1,SERV-999,POLICE PHONE REPORT,2021-04-28,1315,4300 HOLLY LN,ANNANDALE,VA,22003
2,SUSP-1,SUSPICIOUS - EVENT,2021-04-28,1315,4300 HOLLY LN,ANNANDALE,VA,22003
2,WEAP-520-3,WEAPONS - UNLAWFUL DISCHARGE/RECKLESS HANDLING,2021-04-28,1346,7900 JANNA LEE AVE,ALEXANDRIA,VA,22306
1,DEST-290-2,DESTRUCTION - PRIVATE PROPERTY,2021-04-28,1346,7900 JANNA LEE AVE,ALEXANDRIA,VA,22306
1,ANML-3,ANIMAL - SERVICE - DOMESTIC,2021-04-28,1319,7200 LITTLE RIVER TPKE,ANNANDALE,VA,22003
1,SERV-1,SERVICE - POLICE SERVICE,2021-04-28,1346,1800 TOWN CENTER PKWY,RESTON,VA,20190
1,ANML-90Z-6,ANIMAL - ANIMAL BITE - DOMESTIC,2021-04-28,1442,8100 ALBAN RD,SPRINGFIELD,VA,22150
2,SERV-999,POLICE PHONE REPORT,2021-04-28,1442,8100 ALBAN RD,SPRINGFIELD,VA,22150
1,WARR-90Z-4,WARRANT - WARRANT SERVICE,2021-04-28,1227,5900 SEMINARY RD,FALLS CHURCH,VA,22041
1,PORN-370-8,PORN - CHILD - OTHER,2021-04-28,1442,9200 CARDINAL FOREST LN,LORTON,VA,22079
1,ASSLT-13B-1,ASSAULT - SIMPLE; NOT AGGRAVATED,2021-04-28,1423,5800 CAMERON RUN TER,ALEXANDRIA,VA,22303
2,DEST-290-2,DESTRUCTION - PRIVATE PROPERTY,2021-04-28,1423,5800 CAMERON RUN TER,ALEXANDRIA,VA,22303
1,SERV-999,POLICE PHONE REPORT,2021-04-28,1416,2000 WESTMORELAND ST,FALLS CHURCH,VA,22043
2,SUSP-1,SUSPICIOUS - EVENT,2021-04-28,1416,2000 WESTMORELAND ST,FALLS CHURCH,VA,22043
1,ANML-4,ANIMAL - SERVICE - WILD,2021-04-28,1503, GUNPOWDER RD / RAMROD CT,FAIRFAX,VA,22030
2,SERV-6,SERVICE - ANIMAL DESTROYED BY SERVICE WEAPON,2021-04-28,1503, GUNPOWDER RD / RAMROD CT,FAIRFAX,VA,22030
1,ANML-3,ANIMAL - SERVICE - DOMESTIC,2021-04-28,1446,1400 MCLEAN MEWS CT,MCLEAN,VA,22101
2,SERV-999,POLICE PHONE REPORT,2021-04-28,1446,1400 MCLEAN MEWS CT,MCLEAN,VA,22101
1,LARC-23-3,LARCENY - SHOPLIFTING,2021-04-28,1424,12100 SUNSET HILLS RD,RESTON,VA,20190
1,PARK-90Z-1,PARKING - INOPERATIVE/ABANDONED VEHICLE,2021-04-28,1523,3300 ARDLEY CT,FALLS CHURCH,VA,22041
1,SERV-6,SERVICE - ANIMAL DESTROYED BY SERVICE WEAPON,2021-04-28,1554,5800 CLARENDON SPRINGS PL,CENTREVILLE,VA,20121
1,SERV-29,SERVICE - DOMESTIC DISPUTE,2021-04-28,1609,8700 VILLAGE GREEN CT,ALEXANDRIA,VA,22309
1,LARC-23-4,LARCENY - THEFT FROM BUILDING,2021-04-28,1315,11600 SWARTS DR,FAIRFAX,VA,22030
2,FRAUD-26B-1,FRAUD - CREDIT CARD/AUTOMATED TELLER MACHINE FRAUD,2021-04-28,1315,11600 SWARTS DR,FAIRFAX,VA,22030
1,DISORD-90C-2,DISORDERLY - DISORDERLY CONDUCT,2021-04-28,1614,8500 LEE HWY,FAIRFAX,VA,22031
2,SERV-32,SERVICE - STOLEN AUTO RECOVERY OTHER JURISDICTION,2021-04-28,1636,4800 WESTFIELDS BLVD,CHANTILLY,VA,20151
1,WARR-90Z-4,WARRANT - WARRANT SERVICE,2021-04-28,1636,4800 WESTFIELDS BLVD,CHANTILLY,VA,20151
1,ANML-3,ANIMAL - SERVICE - DOMESTIC,2021-04-28,1731,12400 WENDELL HOLMES RD,HERNDON,VA,20171
2,SERV-999,POLICE PHONE REPORT,2021-04-28,1731,12400 WENDELL HOLMES RD,HERNDON,VA,20171
1,ANML-90Z-3,ANIMAL - LICENSE VIOLATION,2021-04-28,,2900 STUART DR,FALLS CHURCH,VA,22042
1,SERV-6,SERVICE - ANIMAL DESTROYED BY SERVICE WEAPON,2021-04-28,1714,3300 WOODLAND LN,ALEXANDRIA,VA,22309
1,WARR-90Z-4,WARRANT - WARRANT SERVICE,2021-04-28,1714,6100 ROLLING RD,SPRINGFIELD,VA,22152
1,ANML-4,ANIMAL - SERVICE - WILD,2021-04-28,1720, ESTABROOK DR / HIRST DR,ANNANDALE,VA,22003
2,SERV-6,SERVICE - ANIMAL DESTROYED BY SERVICE WEAPON,2021-04-28,1720, ESTABROOK DR / HIRST DR,ANNANDALE,VA,22003
2,SERV-999,POLICE PHONE REPORT,2021-04-28,1700, ANDERSON RD / DOLLEY MADISON BLVD,MCLEAN,VA,22102
1,SERV-33,SERVICE - NON DMV REPORTABLE CRASH,2021-04-28,1811,3100 GRAHAM RD,FALLS CHURCH,VA,22042
1,ASSLT-13B-1,ASSAULT - SIMPLE; NOT AGGRAVATED,2021-04-28,1813,8600 RICHMOND HWY,ALEXANDRIA,VA,22309
1,SERV-2,SERVICE - CIVIL DISPUTE,2021-04-28,1722,6500 COLUMBIA PIKE,ANNANDALE,VA,22003
1,LARC-23-3,LARCENY - SHOPLIFTING,2021-04-28,1730,6500 SPRINGFIELD MALL,SPRINGFIELD,VA,22150
1,SERV-29,SERVICE - DOMESTIC DISPUTE,2021-04-28,1802,6000 RICHMOND HWY,ALEXANDRIA,VA,22303
1,SERV-1,SERVICE - POLICE SERVICE,2021-04-28,1734,6100 LITTLE RIVER TPKE,ALEXANDRIA,VA,22312
1,ANML-4,ANIMAL - SERVICE - WILD,2021-04-28,1827,3400 GROVETON ST,ALEXANDRIA,VA,22306
2,SERV-5,SERVICE - ANIMAL DESTROYED BY CHEMICAL,2021-04-28,1827,3400 GROVETON ST,ALEXANDRIA,VA,22306
1,AUTO-240-4,AUTO THEFT - AUTOS,2021-04-28,1830,5500 LEESBURG PIKE,FALLS CHURCH,VA,22041
1,LARC-23-9,LARCENY -  ALL OTHER LARCENY,2021-04-28,1841,7500 MCWHORTER PL,ANNANDALE,VA,22003
1,ASSLT-13B-1,ASSAULT - SIMPLE; NOT AGGRAVATED,2021-04-28,1815,3900 CENTERVIEW DR,CHANTILLY,VA,20151
2,LARC-23-4,LARCENY - THEFT FROM BUILDING,2021-04-28,1815,3900 CENTERVIEW DR,CHANTILLY,VA,20151
1,SUSP-1,SUSPICIOUS - EVENT,2021-04-28,1717,5400 WILLCOXON TAVERN CT,FAIRFAX,VA,22039
2,SERV-999,POLICE PHONE REPORT,2021-04-28,1717,5400 WILLCOXON TAVERN CT,FAIRFAX,VA,22039
1,SERV-1,SERVICE - POLICE SERVICE,2021-04-28,1814,2400 FLINT HILL RD,VIENNA,VA,22181
1,ANML-3,ANIMAL - SERVICE - DOMESTIC,2021-04-28,1035,4700 SPRUCE AVE,FAIRFAX,VA,22030
1,DISORD-90C-2,DISORDERLY - DISORDERLY CONDUCT,2021-04-28,1923,1500 CORNERSIDE BLVD,VIENNA,VA,22182
1,SERV-8,SERVICE - LOST/FOUND PROPERTY,2021-04-28,2010,5500 LEESBURG PIKE,FALLS CHURCH,VA,22041
1,SERV-2,SERVICE - CIVIL DISPUTE,2021-04-28,1955,800 FORESTVILLE MEADOWS DR,GREAT FALLS,VA,22066
1,LARC-23-3,LARCENY - SHOPLIFTING,2021-04-28,1934,2400 CENTREVILLE RD,HERNDON,VA,20171
1,ASSLT-13B-1,ASSAULT - SIMPLE; NOT AGGRAVATED,2021-04-28,2023,4300 CHANTILLY SHOPPING CTR,CHANTILLY,VA,20151
1,WEAP-520-10,WEAPONS - SHOOT OR THROW MISSILE INTO BUILDING,2021-04-28,1916,7600 SHEFFIELD VILLAGE LN,LORTON,VA,22079
1,SERV-1,SERVICE - POLICE SERVICE,2021-04-28,2032,2400 CENTREVILLE RD,HERNDON,VA,20171
1,ASSLT-13B-1,ASSAULT - SIMPLE; NOT AGGRAVATED,2021-04-28,2000,8300 BROCKHAM DR,ALEXANDRIA,VA,22309
1,ASSLT-13B-1,ASSAULT - SIMPLE; NOT AGGRAVATED,2021-04-28,2030,8200 RUSSELL RD,ALEXANDRIA,VA,22309
1,SERV-33,SERVICE - NON DMV REPORTABLE CRASH,2021-04-28,2056,6200 BACKLICK RD,SPRINGFIELD,VA,22150
1,SERV-29,SERVICE - DOMESTIC DISPUTE,2021-04-28,2055,8500 RICHMOND AVE,ALEXANDRIA,VA,22309
1,LARC-23-9,LARCENY -  ALL OTHER LARCENY,2021-04-28,0900, ARLINGTON DR / REPUBLIC CT,ALEXANDRIA,VA,22306
1,SUSP-2,SUSPICIOUS - PERSON,2021-04-28,2108,6700 CATSKILL RD,LORTON,VA,22079
1,ASSLT-13B-1,ASSAULT - SIMPLE; NOT AGGRAVATED,2021-04-28,2000,5900 RICHMOND HWY,ALEXANDRIA,VA,22303
1,SERV-9,SERVICE - OPEN DOOR,2021-04-28,2156,12500 MISTY WATER DR,HERNDON,VA,20170
2,SERV-1,SERVICE - POLICE SERVICE,2021-04-28,2135,5100 WOODMERE DR,CENTREVILLE,VA,20120
1,WARR-90Z-4,WARRANT - WARRANT SERVICE,2021-04-28,2135,5100 WOODMERE DR,CENTREVILLE,VA,20120
2,FRAUD-26B-1,FRAUD - CREDIT CARD/AUTOMATED TELLER MACHINE FRAUD,2021-04-28,1700,11600 PLAZA AMERICA DR,RESTON,VA,20190
1,LARC-23-4,LARCENY - THEFT FROM BUILDING,2021-04-28,1700,11600 PLAZA AMERICA DR,RESTON,VA,20190
1,DEST-290-2,DESTRUCTION - PRIVATE PROPERTY,2021-04-28,1830,2200 STONE WHEEL DR,RESTON,VA,20191
2,SERV-999,POLICE PHONE REPORT,2021-04-28,1830,2200 STONE WHEEL DR,RESTON,VA,20191
1,SUSP-1,SUSPICIOUS - EVENT,2021-04-28,2346,5500 SEMINARY RD,FALLS CHURCH,VA,22041
1,SERV-29,SERVICE - DOMESTIC DISPUTE,2021-04-28,2355,7500 REPUBLIC CT,ALEXANDRIA,VA,22306
1,ASSLT-13B-1,ASSAULT - SIMPLE; NOT AGGRAVATED,2021-04-28,2337, POPKINS LN / RICHMOND HWY,ALEXANDRIA,VA,22306
2,SERV-999,POLICE PHONE REPORT,2021-04-28,2337, POPKINS LN / RICHMOND HWY,ALEXANDRIA,VA,22306
1,ASSLT-13B-1,ASSAULT - SIMPLE; NOT AGGRAVATED,2021-04-28,1000,1700 TYSONS CENTRAL ST,VIENNA,VA,22102
1,SERV-1,SERVICE - POLICE SERVICE,2021-04-28,2325,10500 LEESBURG PIKE,VIENNA,VA,22182
1,AUTO-240-4,AUTO THEFT - AUTOS,2021-04-28,1900,6600 QUICKSILVER CT,SPRINGFIELD,VA,22150
1,AUTO-240-4,AUTO THEFT - AUTOS,2021-04-28,1900,6600 QUICKSILVER CT,SPRINGFIELD,VA,22150
1,SERV-8,SERVICE - LOST/FOUND PROPERTY,2021-04-28,0700,2000 BEACON PL,RESTON,VA,20191
2,SERV-999,POLICE PHONE REPORT,2021-04-28,0700,2000 BEACON PL,RESTON,VA,20191
1,ANML-90Z-6,ANIMAL - ANIMAL BITE - DOMESTIC,2021-04-28,1930,11100 FAIRFAX STATION RD,FAIRFAX STATION,VA,22039
2,SERV-999,POLICE PHONE REPORT,2021-04-28,1930,11100 FAIRFAX STATION RD,FAIRFAX STATION,VA,22039
1,LARC-23-4,LARCENY - THEFT FROM BUILDING,2021-04-28,1700,11800 SPECTRUM CTR,RESTON,VA,20190
1,LARC-23-9,LARCENY -  ALL OTHER LARCENY,2021-04-28,2100,12800 MELVILLE LN,FAIRFAX,VA,22033
2,SERV-999,POLICE PHONE REPORT,2021-04-28,2100,12800 MELVILLE LN,FAIRFAX,VA,22033
1,SUSP-1,SUSPICIOUS - EVENT,2021-04-28,1730,9200 ARLINGTON BLVD,FAIRFAX,VA,22031
1,SERV-8,SERVICE - LOST/FOUND PROPERTY,2021-04-28,1300,6200 LITTLE RIVER TPKE,ALEXANDRIA,VA,22312
1,FRAUD-26A-1,FRAUD - FALSE PRETENSES/SWINDLE/CONFIDENCE GAME,2021-04-28,0000,14500 TRANS WORLD AVE,CHANTILLY,VA,20151
1,LARC-23-6,LARCENY - THEFT FROM MOTOR VEHICLE,2021-04-28,2200,7800 DESIREE ST,ALEXANDRIA,VA,22315
2,SERV-999,POLICE PHONE REPORT,2021-04-28,2200,7800 DESIREE ST,ALEXANDRIA,VA,22315
1,SERV-37,SERVICE - MISSING JUVENILE,2021-04-28,1130,7100 SYLVAN GLEN LN,FAIRFAX STATION,VA,22039
1,LARC-23-3,LARCENY - SHOPLIFTING,2021-04-28,1806,1400 CHAIN BRIDGE RD,MCLEAN,VA,22101
2,SERV-999,POLICE PHONE REPORT,2021-04-28,1806,1400 CHAIN BRIDGE RD,MCLEAN,VA,22101
1,DEST-290-2,DESTRUCTION - PRIVATE PROPERTY,2021-04-28,0100,13200 LADYBANK LN,HERNDON,VA,20171
1,SUSP-1,SUSPICIOUS - EVENT,2021-04-29,0018,7700 GUNSTON PLZ,LORTON,VA,22199
1,SERV-29,SERVICE - DOMESTIC DISPUTE,2021-04-29,0035,6800 BRIAN MICHAEL CT,SPRINGFIELD,VA,22153
1,SERV-29,SERVICE - DOMESTIC DISPUTE,2021-04-29,0041,3800 SOUTH GEORGE MASON DR,FALLS CHURCH,VA,22041
1,SERV-1,SERVICE - POLICE SERVICE,2021-04-29,0050,900 SAIGON RD,MCLEAN,VA,22102
1,SERV-11,SERVICE - NATURAL DEATH,2021-04-29,0021,13300 HOLLINGER AVE,FAIRFAX,VA,22033
1,ASSLT-13B-1,ASSAULT - SIMPLE; NOT AGGRAVATED,2021-04-29,0126,8700 RICHMOND HWY,ALEXANDRIA,VA,22309
1,LARC-23-9,LARCENY -  ALL OTHER LARCENY,2021-04-29,0105,3100 LOCKHEED BLVD,ALEXANDRIA,VA,22306
1,SUSP-2,SUSPICIOUS - PERSON,2021-04-29,0131,11400 RESTON STATION BLVD,RESTON,VA,20190
1,SERV-11,SERVICE - NATURAL DEATH,2021-04-29,0142,5300 QUEENSBERRY AVE,SPRINGFIELD,VA,22151
1,SERV-1,SERVICE - POLICE SERVICE,2021-04-29,0222,4100 WOODLAND RD,ANNANDALE,VA,22003
1,TRES-90J-1,TRESPASSING - PRIVATE PROPERTY,2021-04-29,0238,6300 BRANDON AVE,SPRINGFIELD,VA,22150
2,SERV-4,SERVICE - INJURED/SICK PERSON,2021-04-29,0238,6300 BRANDON AVE,SPRINGFIELD,VA,22150
1,TRES-90J-1,TRESPASSING - PRIVATE PROPERTY,2021-04-29,0325,3800 SOUTH GEORGE MASON DR,FALLS CHURCH,VA,22041
1,SERV-29,SERVICE - DOMESTIC DISPUTE,2021-04-29,0326,12100 MONUMENT DR,FAIRFAX,VA,22033
1,TRES-90J-4,TRESPASSING - SCHOOL/CHURCH/CEMETERY,2021-04-29,0409,6000 HANOVER AVE,SPRINGFIELD,VA,22150
1,DRUG-35A-13,DRUGS - OTHER,2021-04-29,0400,5200 HEMING AVE,SPRINGFIELD,VA,22151
1,TRES-90J-4,TRESPASSING - SCHOOL/CHURCH/CEMETERY,2021-04-29,0434,2300 HUNTER MILL RD,VIENNA,VA,22181
2,SERV-29,SERVICE - DOMESTIC DISPUTE,2021-04-29,0504,6100 LEESBURG PIKE,FALLS CHURCH,VA,22044
1,DEST-290-2,DESTRUCTION - PRIVATE PROPERTY,2021-04-29,0504,6100 LEESBURG PIKE,FALLS CHURCH,VA,22044
1,AUTO-240-4,AUTO THEFT - AUTOS,2021-04-29,0400,9400 GUNSTON COVE RD,LORTON,VA,22079
1,ASSLT-13C-3,THREATS - TELEPHONE THREATS/ABUSE/OBSCENE,2021-04-29,0543,2800 FAIRHAVEN AVE,ALEXANDRIA,VA,22303
1,SUSP-1,SUSPICIOUS - EVENT,2021-04-29,0639,9500 WORKHOUSE WAY,LORTON,VA,22079
2,SERV-999,POLICE PHONE REPORT,2021-04-29,0639,9500 WORKHOUSE WAY,LORTON,VA,22079
1,ASSLT-13B-1,ASSAULT - SIMPLE; NOT AGGRAVATED,2021-04-29,0626,6100 LEESBURG PIKE,FALLS CHURCH,VA,22044
1,SUSP-1,SUSPICIOUS - EVENT,2021-04-29,0723,7200 LEE HWY,FALLS CHURCH,VA,22046
1,SERV-11,SERVICE - NATURAL DEATH,2021-04-29,0707,3700 SOUTH GEORGE MASON DR,FALLS CHURCH,VA,22041
1,FRAUD-26C-1,FRAUD - IMPERSONATION,2021-04-29,0808,12500 PHILMONT DR,HERNDON,VA,20170
1,LARC-23-3,LARCENY - SHOPLIFTING,2021-04-29,0810,7900 RICHMOND HWY,ALEXANDRIA,VA,22306
1,ASSLT-13B-1,ASSAULT - SIMPLE; NOT AGGRAVATED,2021-04-29,0826,14800 STONECROFT CENTER CT,CHANTILLY,VA,20151
1,SERV-8,SERVICE - LOST/FOUND PROPERTY,2021-04-29,0841,8200 ALBAN RD,SPRINGFIELD,VA,22150
1,SUSP-2,SUSPICIOUS - PERSON,2021-04-29,0855,1900 RESTON METRO PLZ,RESTON,VA,20190
2,SERV-999,POLICE PHONE REPORT,2021-04-29,0855,1900 RESTON METRO PLZ,RESTON,VA,20190
1,SERV-29,SERVICE - DOMESTIC DISPUTE,2021-04-29,0944,8000 BUCKMAN CT,ALEXANDRIA,VA,22309
1,SERV-2,SERVICE - CIVIL DISPUTE,2021-04-29,0955, BAKERSVILLE LN / LAKE BRADDOCK DR,BURKE,VA,22015
1,SERV-1,SERVICE - POLICE SERVICE,2021-04-29,1037,8500 OAKFORD DR,SPRINGFIELD,VA,22152
1,SUSP-2,SUSPICIOUS - PERSON,2021-04-29,1059,8300 OLD KEENE MILL RD,SPRINGFIELD,VA,22152
1,SERV-39,SERVICE - AVI THREAT SCHOOL,2021-04-29,1001,5300 SULLY STATION DR,CENTREVILLE,VA,20120
1,FRAUD-26C-1,FRAUD - IMPERSONATION,2021-04-29,1147,4900 LAWRENCE ST,ALEXANDRIA,VA,22309
1,FRAUD-26C-1,FRAUD - IMPERSONATION,2021-04-29,1147,8500 VARSITY CT,ANNANDALE,VA,22003
1,FRAUD-26C-1,FRAUD - IMPERSONATION,2021-04-29,1147,8100 ANGELO WAY,ANNADALE,VA,22003
1,SUSP-1,SUSPICIOUS - EVENT,2021-04-29,1148,13800 BRADDOCK RD,CENTREVILLE,VA,20121
1,SERV-1,SERVICE - POLICE SERVICE,2021-04-29,1138,12100 MONUMENT DR,FAIRFAX,VA,22033
1,SUSP-1,SUSPICIOUS - EVENT,2021-04-29,1131,13300 APGAR PL,HERNDON,VA,20170
1,TAX-90Z-1,TAX - SOLICITATION/TAX VIOLATION,2021-04-29,1211,13100 MADONNA LN,FAIRFAX,VA,22033
1,SERV-1,SERVICE - POLICE SERVICE,2021-04-29,1158,1900 CHAIN BRIDGE RD,MCLEAN,VA,22102
1,LARC-23-4,LARCENY - THEFT FROM BUILDING,2021-04-29,1200,7400 AXTON ST,SPRINGFIELD,VA,22151
1,ASSLT-13B-1,ASSAULT - SIMPLE; NOT AGGRAVATED,2021-04-29,1210,4900 SOUTHLAND AVE,ALEXANDRIA,VA,22312
1,FRAUD-26C-1,FRAUD - IMPERSONATION,2021-04-29,1252,9000 JACKSON LN,GREAT FALLS,VA,22066
1,SERV-8,SERVICE - LOST/FOUND PROPERTY,2021-04-29,1316,13900 BALMORAL GREENS AVE,CLIFTON,VA,20124
1,DRUG-35A-1,DRUGS - OPIUM/COCAINE POSSESSION,2021-04-29,1322,7800 PATRIOT DR,ANNANDALE,VA,22003
1,ANML-90Z-3,ANIMAL - LICENSE VIOLATION,2021-04-29,1356,4100 WEST OX RD,FAIRFAX,VA,22033
2,ANML-90Z-2,ANIMAL - RABIES CERTIFICATE VIOLATION,2021-04-29,1356,4100 WEST OX RD,FAIRFAX,VA,22033
3,ANML-90Z-1,ANIMAL - RUNNING AT LARGE/UNRESTRICTED,2021-04-29,1356,4100 WEST OX RD,FAIRFAX,VA,22033
1,SERV-2,SERVICE - CIVIL DISPUTE,2021-04-29,1423,8500 RICHMOND AVE,ALEXANDRIA,VA,22309
1,LARC-23-3,LARCENY - SHOPLIFTING,2021-04-29,1400,2800 MERRILEE DR,FAIRFAX,VA,22031
2,SERV-999,POLICE PHONE REPORT,2021-04-29,1400,2800 MERRILEE DR,FAIRFAX,VA,22031
1,SERV-1,SERVICE - POLICE SERVICE,2021-04-29,1446,3400 GLEN CARLYN DR,FALLS CHURCH,VA,22041
1,LARC-23-3,LARCENY - SHOPLIFTING,2021-04-29,1435,7900 RICHMOND HWY,ALEXANDRIA,VA,22306
1,SERV-1,SERVICE - POLICE SERVICE,2021-04-29,1448,6800 SPRINGFIELD BLVD,SPRINGFIELD,VA,22150
1,SERV-33,SERVICE - NON DMV REPORTABLE CRASH,2021-04-29,1517, POPLAR TREE RD / WALNEY RD,CHANTILLY,VA,20151
1,SERV-29,SERVICE - DOMESTIC DISPUTE,2021-04-29,1519,6500 TOWER DR,ALEXANDRIA,VA,22306
1,SERV-33,SERVICE - NON DMV REPORTABLE CRASH,2021-04-29,1530, CLAYBORNE AVE / RICHMOND HWY,ALEXANDRIA,VA,22306
2,SERV-999,POLICE PHONE REPORT,2021-04-29,1500,2900 MONTICELLO DR,FALLS CHURCH,VA,22042
1,SUSP-1,SUSPICIOUS - EVENT,2021-04-29,1505,12300 LEE JACKSON MEMORIAL HWY,FAIRFAX,VA,22033
2,SERV-999,POLICE PHONE REPORT,2021-04-29,1505,12300 LEE JACKSON MEMORIAL HWY,FAIRFAX,VA,22033
1,SERV-1,SERVICE - POLICE SERVICE,2021-04-29,1551, BRADDOCK RD / MONTGOMERY ST,ANNANDALE,VA,22151
1,ANML-4,ANIMAL - SERVICE - WILD,2021-04-29,1430,11100 RICH MEADOW DR,GREAT FALLS,VA,22066
1,SERV-33,SERVICE - NON DMV REPORTABLE CRASH,2021-04-29,1546,2700 WEST ST,FALLS CHURCH,VA,22046
2,SERV-999,POLICE PHONE REPORT,2021-04-29,1400,6100 BACKLICK RD,SPRINGFIELD,VA,22150
2,SERV-999,POLICE PHONE REPORT,2021-04-29,1635, FRANCONIA RD LOWER RD / LOISDALE RD,SPRINGFIELD,VA,22150
1,SERV-8,SERVICE - LOST/FOUND PROPERTY,2021-04-29,1545,1800 CAMERON GLEN DR,RESTON,VA,20190
1,ASSLT-13B-1,ASSAULT - SIMPLE; NOT AGGRAVATED,2021-04-29,1629,13700 MARSDEN CT,CHANTILLY,VA,20151
2,SERV-29,SERVICE - DOMESTIC DISPUTE,2021-04-29,1200,3100 JACKIES LN,ALEXANDRIA,VA,22306
1,DEST-290-2,DESTRUCTION - PRIVATE PROPERTY,2021-04-29,1200,3100 JACKIES LN,ALEXANDRIA,VA,22306
1,SERV-8,SERVICE - LOST/FOUND PROPERTY,2021-04-29,1704,6300 LEESBURG PIKE,FALLS CHURCH,VA,22044
1,SERV-1,SERVICE - POLICE SERVICE,2021-04-29,1623, MAGNOLIA LN / SEMINARY RD,ALEXANDRIA,VA,22311
1,SERV-1,SERVICE - POLICE SERVICE,2021-04-29,1458,6400 FAIRLAND ST,ALEXANDRIA,VA,22312
1,ASSLT-13C-5,THREATS - IN WRITING,2021-04-29,1719,10100 VALE RD,VIENNA,VA,22181
2,SERV-999,POLICE PHONE REPORT,2021-04-29,1719,10100 VALE RD,VIENNA,VA,22181
1,PARK-90Z-1,PARKING - INOPERATIVE/ABANDONED VEHICLE,2021-04-29,1634,7900 CONELL CT,LORTON,VA,22079
1,ANML-90Z-1,ANIMAL - RUNNING AT LARGE/UNRESTRICTED,2021-04-29,1703,7200 MATTHEW MILLS RD,MCLEAN,VA,22101
2,ANML-90Z-6,ANIMAL - ANIMAL BITE - DOMESTIC,2021-04-29,1703,7200 MATTHEW MILLS RD,MCLEAN,VA,22101
1,ANML-90Z-1,ANIMAL - RUNNING AT LARGE/UNRESTRICTED,2021-04-29,1700,6400 SHIPLETT BLVD,BURKE,VA,22015
2,ANML-90Z-3,ANIMAL - LICENSE VIOLATION,2021-04-29,1700,6400 SHIPLETT BLVD,BURKE,VA,22015
1,SERV-1,SERVICE - POLICE SERVICE,2021-04-29,1756, LORTON RD / TIMARAND DR,LORTON,VA,22079
1,SERV-6,SERVICE - ANIMAL DESTROYED BY SERVICE WEAPON,2021-04-29,1731,9500 MANDOLIN CT,VIENNA,VA,22182
1,SERV-1,SERVICE - POLICE SERVICE,2021-04-29,1732,6000 CURTIER DR,ALEXANDRIA,VA,22310
1,TRES-90J-1,TRESPASSING - PRIVATE PROPERTY,2021-04-29,1812,6100 ARLINGTON BLVD,FALLS CHURCH,VA,22044
1,DEST-290-2,DESTRUCTION - PRIVATE PROPERTY,2021-04-29,1700,5900 FOX GLOVE TRL,LORTON,VA,22079
1,ASSLT-13B-1,ASSAULT - SIMPLE; NOT AGGRAVATED,2021-04-29,1802,12200 GRASSY HILL CT,FAIRFAX,VA,22033
1,DRUNK-90E-1,DRUNK - DRUNK/PROFANE IN PUBLIC,2021-04-29,1637, ESTABROOK DR / LITTLE RIVER TPKE SERVICE RD,ANNANDALE,VA,22003
1,ANML-3,ANIMAL - SERVICE - DOMESTIC,2021-04-29,1735,1700 WESTWIND WAY,MCLEAN,VA,22102
1,SERV-29,SERVICE - DOMESTIC DISPUTE,2021-04-29,1831,9200 CARDINAL FOREST LN,LORTON,VA,22079
1,SERV-33,SERVICE - NON DMV REPORTABLE CRASH,2021-04-29,1840,8500 OLD MOUNT VERNON RD,ALEXANDRIA,VA,22309
1,SUSP-1,SUSPICIOUS - EVENT,2021-04-29,1912,6200 MOUNTAIN SPRING CT,CLIFTON,VA,20124
1,ANML-90Z-1,ANIMAL - RUNNING AT LARGE/UNRESTRICTED,2021-04-29,1841,3900 FAIRFAX FARMS RD,FAIRFAX,VA,22033
2,ANML-90Z-2,ANIMAL - RABIES CERTIFICATE VIOLATION,2021-04-29,1841,3900 FAIRFAX FARMS RD,FAIRFAX,VA,22033
1,SERV-999,POLICE PHONE REPORT,2021-04-29,1846,6700 PERRY PENNEY DR,ANNANDALE,VA,22003
2,SERV-1,SERVICE - POLICE SERVICE,2021-04-29,1846,6700 PERRY PENNEY DR,ANNANDALE,VA,22003
1,ANML-90Z-6,ANIMAL - ANIMAL BITE - DOMESTIC,2021-04-29,1905,11800 SPECTRUM CTR,RESTON,VA,20190
2,ANML-90Z-3,ANIMAL - LICENSE VIOLATION,2021-04-29,1905,11800 SPECTRUM CTR,RESTON,VA,20190
1,SERV-29,SERVICE - DOMESTIC DISPUTE,2021-04-29,1937,4900 MANITOBA DR,ALEXANDRIA,VA,22312
1,SERV-33,SERVICE - NON DMV REPORTABLE CRASH,2021-04-29,2000,7600 FORDSON RD,ALEXANDRIA,VA,22306
1,SERV-37,SERVICE - MISSING JUVENILE,2021-04-29,1941,4100 GALEN ST,ALEXANDRIA,VA,22309
1,SERV-29,SERVICE - DOMESTIC DISPUTE,2021-04-29,2056,13800 BRADDOCK SPRINGS RD,CENTREVILLE,VA,20121
1,LARC-23-3,LARCENY - SHOPLIFTING,2021-04-29,1843,7200 ARLINGTON BLVD,FALLS CHURCH,VA,22042
2,SERV-999,POLICE PHONE REPORT,2021-04-29,1850,8000 TYSONS CORNER CTR,MCLEAN,VA,22102
2,SERV-999,POLICE PHONE REPORT,2021-04-29,1600,14200 SULLYFIELD CIR,CHANTILLY,VA,20151
1,LARC-23-3,LARCENY - SHOPLIFTING,2021-04-29,2040,11100 SOUTH LAKES DR,RESTON,VA,20191
1,SERV-1,SERVICE - POLICE SERVICE,2021-04-29,2038,12000 STARBOARD DR,RESTON,VA,20194
1,SUSP-1,SUSPICIOUS - EVENT,2021-04-29,2053,6300 SHAUNDALE DR,SPRINGFIELD,VA,22152
2,SERV-999,POLICE PHONE REPORT,2021-04-29,2053,6300 SHAUNDALE DR,SPRINGFIELD,VA,22152
1,ANML-3,ANIMAL - SERVICE - DOMESTIC,2021-04-29,0930,10800 MURRAY DOWNS CT,RESTON,VA,20194
1,SUSP-2,SUSPICIOUS - PERSON,2021-04-29,1723,10500 LEESBURG PIKE,VIENNA,VA,22182
1,ASSLT-13B-1,ASSAULT - SIMPLE; NOT AGGRAVATED,2021-04-29,2045,7000 RHODEN CT,SPRINGFIELD,VA,22151
1,TRES-90J-3,TRESPASSING - PUBLIC/PARK PROPERTY,2021-04-29,2130,3700 LOCKHEED BLVD,ALEXANDRIA,VA,22306
1,SERV-29,SERVICE - DOMESTIC DISPUTE,2021-04-29,2156,7500 LEE HWY,FALLS CHURCH,VA,22042
3,DRUNK-90E-1,DRUNK - DRUNK/PROFANE IN PUBLIC,2021-04-29,2209,6200 BACKLICK RD,SPRINGFIELD,VA,22150
1,ASSLT-13B-2,ASSAULT - SIMPLE ASSAULT ON LEO,2021-04-29,2209,6200 BACKLICK RD,SPRINGFIELD,VA,22150
2,DRUG-35A-1,DRUGS - OPIUM/COCAINE POSSESSION,2021-04-29,2209,6200 BACKLICK RD,SPRINGFIELD,VA,22150
1,SERV-1,SERVICE - POLICE SERVICE,2021-04-29,2224,2300 PUMPKIN ASH CT,HERNDON,VA,20171
1,ASSLT-13C-3,THREATS - TELEPHONE THREATS/ABUSE/OBSCENE,2021-04-29,2303,1400 NORTH POINT VILLAGE CTR,RESTON,VA,20194
1,WARR-90Z-4,WARRANT - WARRANT SERVICE,2021-04-29,2153,2900 CHAIN BRIDGE RD,OAKTON,VA,22124
1,ASSLT-13B-1,ASSAULT - SIMPLE; NOT AGGRAVATED,2021-04-29,2303,1500 BOYD POINTE WAY,VIENNA,VA,22182
1,SERV-29,SERVICE - DOMESTIC DISPUTE,2021-04-29,2317,4000 MEDFORD DR,ANNANDALE,VA,22003
1,DRUNK-90E-1,DRUNK - DRUNK/PROFANE IN PUBLIC,2021-04-29,2224,2900 DISTRICT AVE,FAIRFAX,VA,22031
2,TRES-90J-1,TRESPASSING - PRIVATE PROPERTY,2021-04-29,2224,2900 DISTRICT AVE,FAIRFAX,VA,22031
1,DRUNK-90E-1,DRUNK - DRUNK/PROFANE IN PUBLIC,2021-04-29,2327,5200 MARTINIQUE LN,ALEXANDRIA,VA,22315
2,SERV-29,SERVICE - DOMESTIC DISPUTE,2021-04-29,2327,5200 MARTINIQUE LN,ALEXANDRIA,VA,22315
1,SERV-23,SERVICE - MISSING ADULT,2021-04-29,2029, EVANS FORD RD / YATES FORD RD,CLIFTON,VA,20124
2,SUSP-3,SUSPICIOUS - VEHICLE,2021-04-29,2029, EVANS FORD RD / YATES FORD RD,CLIFTON,VA,20124
1,SERV-1,SERVICE - POLICE SERVICE,2021-04-29,2340,2200 CASTLE ROCK SQ,RESTON,VA,20191
1,AUTO-240-4,AUTO THEFT - AUTOS,2021-04-29,1700,2900 FINSBURY PL,FAIRFAX,VA,22031
2,SERV-999,POLICE PHONE REPORT,2021-04-29,1830,9500 LAGERSFIELD CIR,VIENNA,VA,22181
1,LARC-23-6,LARCENY - THEFT FROM MOTOR VEHICLE,2021-04-29,1830,9500 LAGERSFIELD CIR,VIENNA,VA,22181
1,ASSLT-13C-3,THREATS - TELEPHONE THREATS/ABUSE/OBSCENE,2021-04-29,1900,4900 SOUTHLAND AVE,ALEXANDRIA,VA,22312
2,SERV-999,POLICE PHONE REPORT,2021-04-29,1900,4900 SOUTHLAND AVE,ALEXANDRIA,VA,22312
1,LARC-23-6,LARCENY - THEFT FROM MOTOR VEHICLE,2021-04-29,1800,9500 BLAKE LN,FAIRFAX,VA,22031
1,SUSP-4,SUSPICIOUS - NOISE,2021-04-30,0004,5800 FLAXTON PL,ALEXANDRIA,VA,22303
1,ASSLT-13C-3,THREATS - TELEPHONE THREATS/ABUSE/OBSCENE,2021-04-30,0104,3100 ANNANDALE RD,FALLS CHURCH,VA,22042
2,SERV-999,POLICE PHONE REPORT,2021-04-30,0104,3100 ANNANDALE RD,FALLS CHURCH,VA,22042
1,SERV-29,SERVICE - DOMESTIC DISPUTE,2021-04-30,0052,3600 SOUTH 14TH ST,ALEXANDRIA,VA,22302
1,ASSLT-13B-1,ASSAULT - SIMPLE; NOT AGGRAVATED,2021-04-30,0102,7000 RHODEN CT,SPRINGFIELD,VA,22151
1,SERV-29,SERVICE - DOMESTIC DISPUTE,2021-04-30,0134,7000 RHODEN CT,SPRINGFIELD,VA,22151
1,SERV-1,SERVICE - POLICE SERVICE,2021-04-30,0329,6300 COTTONWOOD DR,ALEXANDRIA,VA,22310
1,SUSP-1,SUSPICIOUS - EVENT,2021-04-30,0401,6400 RICHMOND HWY,ALEXANDRIA,VA,22306
1,SERV-1,SERVICE - POLICE SERVICE,2021-04-30,0545,6900 INLET COVE DR,FORT BELVOIR,VA,22060
1,SERV-33,SERVICE - NON DMV REPORTABLE CRASH,2021-04-30,0806,11300 RANDOM HILLS RD,FAIRFAX,VA,22030
1,ANML-90Z-1,ANIMAL - RUNNING AT LARGE/UNRESTRICTED,2021-04-30,0821,6700 ALPINE DR,ANNANDALE,VA,22003
2,ANML-90Z-3,ANIMAL - LICENSE VIOLATION,2021-04-30,0821,6700 ALPINE DR,ANNANDALE,VA,22003
3,SERV-999,POLICE PHONE REPORT,2021-04-30,0821,6700 ALPINE DR,ANNANDALE,VA,22003
1,ANML-90Z-1,ANIMAL - RUNNING AT LARGE/UNRESTRICTED,2021-04-30,0809,2900 VALERA CT,VIENNA,VA,22181
2,ANML-90Z-3,ANIMAL - LICENSE VIOLATION,2021-04-30,0809,2900 VALERA CT,VIENNA,VA,22181
1,ANML-90Z-1,ANIMAL - RUNNING AT LARGE/UNRESTRICTED,2021-04-30,0830, BLAKE LN / BUSHMAN DR,OAKTON,VA,22124
2,SERV-999,POLICE PHONE REPORT,2021-04-30,0830, BLAKE LN / BUSHMAN DR,OAKTON,VA,22124
1,ANML-4,ANIMAL - SERVICE - WILD,2021-04-30,0935,2600 FOX MILL RD,RESTON,VA,20191
2,SERV-6,SERVICE - ANIMAL DESTROYED BY SERVICE WEAPON,2021-04-30,0935,2600 FOX MILL RD,RESTON,VA,20191
1,SUSP-1,SUSPICIOUS - EVENT,2021-04-30,0955,4300 CHANTILLY SHOPPING CTR,CHANTILLY,VA,20151
2,SERV-999,POLICE PHONE REPORT,2021-12-26,1200,2600 CHILDS LN,ALEXANDRIA,VA,22308
1,SERV-1,SERVICE - POLICE SERVICE,2021-12-26,1200,2600 CHILDS LN,ALEXANDRIA,VA,22308
